index,0,1,Color
0,-0.6756790792716533,0.013391980566321819,-1
1,-0.6756790792716486,0.013391980566291588,-1
2,-0.6756790792716486,0.013391980566291017,-1
3,-0.6756790792716486,0.013391980566290977,3
4,3.128087474505908,0.21977193299082975,3
5,-0.6756790792716486,0.013391980566290977,3
6,3.0489189094852613,0.20387571952861225,3
7,-0.6756790792716486,0.013391980566290977,-1
8,-0.6756790792716486,0.013391980566290977,-1
9,-0.6756790792716486,0.013391980566290977,3
10,-0.6756790792716486,0.013391980566290977,-1
11,-0.6756790792716486,0.013391980566290977,3
12,3.128087474505908,0.21977193299082975,3
13,-0.6756790792716486,0.013391980566290977,3
14,-0.6756790792716486,0.013391980566290977,-1
15,-0.6756790792716486,0.013391980566290977,-1
16,-0.6756790792716486,0.013391980566290977,3
17,-0.6756790792716486,0.013391980566290977,-1
18,-0.6756790792716486,0.013391980566290977,-1
19,-0.6756790792716486,0.013391980566290977,-1
20,0.9845018922662736,0.2684771523496322,3
21,-0.6756790792716486,0.013391980566290977,3
22,-0.6756790792716486,0.013391980566290977,-1
23,-0.6756790792716486,0.013391980566290977,-1
24,-0.6756790792716486,0.013391980566290977,-1
25,-0.6756790792716486,0.013391980566290977,-1
26,3.6160449665550303,1.0907444930596852,3
27,-0.6756790792716486,0.013391980566290977,-1
28,-0.6756790792716486,0.013391980566290977,-1
29,-0.6756790792716486,0.013391980566290977,3
30,-0.6756790792716486,0.013391980566290977,3
31,2.640129982456788,-0.6512006270780252,3
32,-0.6756790792716486,0.013391980566290977,3
33,-0.6756790792716486,0.013391980566290977,3
34,-0.6756790792716486,0.013391980566290977,-1
35,-0.6756790792716486,0.013391980566290977,3
36,-0.6756790792716486,0.013391980566290977,-1
37,-0.6756790792716486,0.013391980566290977,3
38,-0.6756790792716486,0.013391980566290977,-1
39,-0.6756790792716486,0.013391980566290977,3
40,-0.6756790792716486,0.013391980566290977,3
41,-0.6756790792716486,0.013391980566290977,3
42,3.0489189094852613,0.20387571952861225,3
43,-0.6756790792716486,0.013391980566290977,-1
44,-0.6756790792716486,0.013391980566290977,-1
45,2.640129982456788,-0.6512006270780252,3
46,-0.6756790792716486,0.013391980566290977,3
47,3.0489189094852613,0.20387571952861225,3
48,-0.6756790792716486,0.013391980566290977,-1
49,3.0489189094852613,0.20387571952861225,3
50,3.128087474505908,0.21977193299082975,3
51,-0.6756790792716486,0.013391980566290977,-1
52,-0.6756790792716486,0.013391980566290977,-1
53,-0.6756790792716486,0.013391980566290977,-1
54,2.560961417436141,-0.6670968405402431,3
55,-0.6756790792716486,0.013391980566290977,3
56,-0.6756790792716486,0.013391980566290977,3
57,-0.6756790792716486,0.013391980566290977,-1
58,-0.6756790792716486,0.013391980566290977,3
59,-0.6756790792716486,0.013391980566290977,-1
60,-0.6756790792716486,0.013391980566290977,-1
61,2.560961417436141,-0.6670968405402431,3
62,-0.6756790792716486,0.013391980566290977,3
63,-0.6756790792716486,0.013391980566290977,-1
64,-0.6756790792716486,0.013391980566290977,-1
65,-0.6756790792716486,0.013391980566290977,-1
66,-0.6756790792716486,0.013391980566290977,3
67,-0.6756790792716486,0.013391980566290977,-1
68,-0.6756790792716486,0.013391980566290977,-1
69,-0.6756790792716486,0.013391980566290977,-1
70,-0.6756790792716486,0.013391980566290977,3
71,-0.6756790792716486,0.013391980566290977,-1
72,-0.6756790792716486,0.013391980566290977,-1
73,-0.6756790792716486,0.013391980566290977,-1
74,-0.6756790792716486,0.013391980566290977,3
75,-0.6756790792716486,0.013391980566290977,-1
76,-0.6756790792716486,0.013391980566290977,3
77,-0.6756790792716486,0.013391980566290977,3
78,-0.6756790792716486,0.013391980566290977,-1
79,-0.6756790792716486,0.013391980566290977,-1
80,-0.6756790792716486,0.013391980566290977,3
81,2.640129982456788,-0.6512006270780252,3
82,-0.6756790792716486,0.013391980566290977,3
83,-0.6756790792716486,0.013391980566290977,-1
84,-0.6756790792716486,0.013391980566290977,-1
85,-0.6756790792716486,0.013391980566290977,-1
86,2.560961417436141,-0.6670968405402431,3
87,-0.6756790792716486,0.013391980566290977,-1
88,-0.6756790792716486,0.013391980566290977,3
89,-0.6756790792716486,0.013391980566290977,-1
90,-0.6756790792716486,0.013391980566290977,3
91,-0.6756790792716486,0.013391980566290977,-1
92,-0.6756790792716486,0.013391980566290977,-1
93,-0.6756790792716486,0.013391980566290977,3
94,2.560961417436141,-0.6670968405402431,3
95,-0.6756790792716486,0.013391980566290977,-1
96,-0.6756790792716486,0.013391980566290977,3
97,-0.6756790792716486,0.013391980566290977,-1
98,-0.6756790792716486,0.013391980566290977,3
99,3.128087474505908,0.21977193299082975,3
100,-0.6756790792716486,0.013391980566290977,3
101,-0.6756790792716486,0.013391980566290977,-1
102,-0.6756790792716486,0.013391980566290977,-1
103,-0.6756790792716486,0.013391980566290977,3
104,-0.6756790792716486,0.013391980566290977,-1
105,-0.6756790792716486,0.013391980566290977,3
106,-0.6756790792716486,0.013391980566290977,-1
107,2.560961417436141,-0.6670968405402431,3
108,3.0489189094852613,0.20387571952861225,3
109,-0.6756790792716486,0.013391980566290977,-1
110,-0.6756790792716486,0.013391980566290977,-1
111,-0.6756790792716486,0.013391980566290977,-1
112,-0.6756790792716486,0.013391980566290977,-1
113,-0.6756790792716486,0.013391980566290977,-1
114,-0.6756790792716486,0.013391980566290977,-1
115,-0.6756790792716486,0.013391980566290977,-1
116,2.640129982456788,-0.6512006270780252,3
117,-0.6756790792716486,0.013391980566290977,-1
118,-0.6756790792716486,0.013391980566290977,-1
119,-0.6756790792716486,0.013391980566290977,3
120,-0.6756790792716486,0.013391980566290977,3
121,-0.6756790792716486,0.013391980566290977,-1
122,-0.6756790792716486,0.013391980566290977,3
123,-0.6756790792716486,0.013391980566290977,-1
124,-0.6756790792716486,0.013391980566290977,3
125,-0.6756790792716486,0.013391980566290977,3
126,3.6160449665550303,1.0907444930596852,3
127,-0.6756790792716486,0.013391980566290977,-1
128,-0.6756790792716486,0.013391980566290977,-1
129,-0.6756790792716486,0.013391980566290977,-1
130,-0.6756790792716486,0.013391980566290977,-1
131,-0.6756790792716486,0.013391980566290977,3
132,-0.6756790792716486,0.013391980566290977,-1
133,-0.6756790792716486,0.013391980566290977,3
134,-0.6756790792716486,0.013391980566290977,-1
135,-0.6756790792716486,0.013391980566290977,-1
136,-0.6756790792716486,0.013391980566290977,3
137,-0.6756790792716486,0.013391980566290977,-1
138,-0.6756790792716486,0.013391980566290977,-1
139,-0.6756790792716486,0.013391980566290977,-1
140,-0.18772158722252774,0.8843645406351462,-1
141,-0.6756790792716486,0.013391980566290977,-1
142,-0.6756790792716486,0.013391980566290977,3
143,-0.6756790792716486,0.013391980566290977,-1
144,2.560961417436141,-0.6670968405402431,3
145,-0.6756790792716486,0.013391980566290977,3
146,-0.6756790792716486,0.013391980566290977,-1
147,-0.6756790792716486,0.013391980566290977,-1
148,-0.6756790792716486,0.013391980566290977,-1
149,-0.6756790792716486,0.013391980566290977,3
150,-0.6756790792716486,0.013391980566290977,3
151,-0.6756790792716486,0.013391980566290977,-1
152,-0.6756790792716486,0.013391980566290977,3
153,-0.6756790792716486,0.013391980566290977,3
154,-0.6756790792716486,0.013391980566290977,3
155,2.560961417436141,-0.6670968405402431,3
156,-0.6756790792716486,0.013391980566290977,3
157,-0.6756790792716486,0.013391980566290977,-1
158,-0.6756790792716486,0.013391980566290977,-1
159,2.640129982456788,-0.6512006270780252,3
160,-0.6756790792716486,0.013391980566290977,3
161,-0.6756790792716486,0.013391980566290977,-1
162,-0.6756790792716486,0.013391980566290977,-1
163,-0.6756790792716486,0.013391980566290977,-1
164,-0.6756790792716486,0.013391980566290977,3
165,-0.6756790792716486,0.013391980566290977,3
166,-0.6756790792716486,0.013391980566290977,-1
167,-0.6756790792716486,0.013391980566290977,-1
168,-0.6756790792716486,0.013391980566290977,-1
169,-0.6756790792716486,0.013391980566290977,3
170,-0.6756790792716486,0.013391980566290977,-1
171,-0.6756790792716486,0.013391980566290977,3
172,2.560961417436141,-0.6670968405402431,3
173,-0.6756790792716486,0.013391980566290977,-1
174,3.536876401534384,1.074848279597467,3
175,-0.6756790792716486,0.013391980566290977,-1
176,-0.6756790792716486,0.013391980566290977,3
177,3.536876401534384,1.074848279597467,3
178,-0.6756790792716486,0.013391980566290977,-1
179,-0.6756790792716486,0.013391980566290977,-1
180,-0.6756790792716486,0.013391980566290977,-1
181,-0.6756790792716486,0.013391980566290977,-1
182,-0.6756790792716486,0.013391980566290977,3
183,-0.6756790792716486,0.013391980566290977,3
184,-0.6756790792716486,0.013391980566290977,-1
185,-0.6756790792716486,0.013391980566290977,-1
186,-0.6756790792716486,0.013391980566290977,-1
187,-0.6756790792716486,0.013391980566290977,3
188,-0.6756790792716486,0.013391980566290977,3
189,-0.6756790792716486,0.013391980566290977,-1
190,-0.6756790792716486,0.013391980566290977,-1
191,3.536876401534384,1.074848279597467,3
192,-0.6756790792716486,0.013391980566290977,-1
193,-0.6756790792716486,0.013391980566290977,-1
194,-0.6756790792716486,0.013391980566290977,-1
195,-0.6756790792716486,0.013391980566290977,-1
196,-0.6756790792716486,0.013391980566290977,3
197,-0.6756790792716486,0.013391980566290977,3
198,-0.6756790792716486,0.013391980566290977,-1
199,2.560961417436141,-0.6670968405402431,3
200,-0.6756790792716486,0.013391980566290977,3
201,-0.6756790792716486,0.013391980566290977,3
202,2.640129982456788,-0.6512006270780252,3
203,-0.6756790792716486,0.013391980566290977,3
204,-0.6756790792716486,0.013391980566290977,-1
205,-0.6756790792716486,0.013391980566290977,-1
206,-0.6756790792716486,0.013391980566290977,3
207,-0.6756790792716486,0.013391980566290977,3
208,3.536876401534384,1.074848279597467,3
209,2.560961417436141,-0.6670968405402431,3
210,-0.6756790792716486,0.013391980566290977,-1
211,-0.6756790792716486,0.013391980566290977,-1
212,-0.6756790792716486,0.013391980566290977,3
213,-0.6756790792716486,0.013391980566290977,3
214,-0.6756790792716486,0.013391980566290977,3
215,-0.6756790792716486,0.013391980566290977,3
216,0.9845018922662736,0.2684771523496322,3
217,3.0489189094852613,0.20387571952861225,3
218,-0.6756790792716486,0.013391980566290977,-1
219,-0.6756790792716486,0.013391980566290977,-1
220,-0.6756790792716486,0.013391980566290977,-1
221,-0.6756790792716486,0.013391980566290977,-1
222,-0.6756790792716486,0.013391980566290977,-1
223,3.536876401534384,1.074848279597467,3
224,-0.6756790792716486,0.013391980566290977,3
225,-0.6756790792716486,0.013391980566290977,3
226,-0.6756790792716486,0.013391980566290977,3
227,-0.6756790792716486,0.013391980566290977,-1
228,-0.6756790792716486,0.013391980566290977,3
229,-0.6756790792716486,0.013391980566290977,2
230,3.6160449665550303,1.0907444930596852,3
231,3.536876401534384,1.074848279597467,3
232,-0.6756790792716486,0.013391980566290977,-1
233,-0.6756790792716486,0.013391980566290977,-1
234,-0.6756790792716486,0.013391980566290977,-1
235,-0.6756790792716486,0.013391980566290977,-1
236,-0.6756790792716486,0.013391980566290977,-1
237,-0.6756790792716486,0.013391980566290977,3
238,-0.6756790792716486,0.013391980566290977,-1
239,-0.6756790792716486,0.013391980566290977,-1
240,-0.6756790792716486,0.013391980566290977,-1
241,-0.6756790792716486,0.013391980566290977,-1
242,-0.6756790792716486,0.013391980566290977,-1
243,2.640129982456788,-0.6512006270780252,3
244,-0.6756790792716486,0.013391980566290977,3
245,-0.6756790792716486,0.013391980566290977,-1
246,3.6160449665550303,1.0907444930596852,3
247,2.640129982456788,-0.6512006270780252,3
248,-0.6756790792716486,0.013391980566290977,3
249,-0.6756790792716486,0.013391980566290977,-1
250,-0.6756790792716486,0.013391980566290977,3
251,-0.6756790792716486,0.013391980566290977,-1
252,-0.6756790792716486,0.013391980566290977,-1
253,-0.6756790792716486,0.013391980566290977,-1
254,-0.6756790792716486,0.013391980566290977,-1
255,-0.6756790792716486,0.013391980566290977,3
256,-0.6756790792716486,0.013391980566290977,-1
257,-0.6756790792716486,0.013391980566290977,3
258,-0.6756790792716486,0.013391980566290977,3
259,-0.6756790792716486,0.013391980566290977,-1
260,3.0489189094852613,0.20387571952861225,3
261,2.560961417436141,-0.6670968405402431,3
262,-0.6756790792716486,0.013391980566290977,-1
263,-0.6756790792716486,0.013391980566290977,-1
264,-0.6756790792716486,0.013391980566290977,3
265,-0.6756790792716486,0.013391980566290977,-1
266,-0.6756790792716486,0.013391980566290977,-1
267,-0.6756790792716486,0.013391980566290977,3
268,-0.6756790792716486,0.013391980566290977,3
269,-0.6756790792716486,0.013391980566290977,3
270,-0.6756790792716486,0.013391980566290977,-1
271,0.6410985508309175,0.4362440772239919,2
272,3.6160449665550303,1.0907444930596852,3
273,-0.6756790792716486,0.013391980566290977,-1
274,-0.6756790792716486,0.013391980566290977,3
275,-0.6756790792716486,0.013391980566290977,3
276,-0.6756790792716486,0.013391980566290977,-1
277,-0.6756790792716486,0.013391980566290977,-1
278,3.128087474505908,0.21977193299082975,3
279,-0.6756790792716486,0.013391980566290977,-1
280,-0.6756790792716486,0.013391980566290977,3
281,-0.6756790792716486,0.013391980566290977,-1
282,-0.6756790792716486,0.013391980566290977,-1
283,1.4724593843153944,1.1394497124184875,3
284,-0.6756790792716486,0.013391980566290977,-1
285,2.640129982456788,-0.6512006270780252,3
286,2.640129982456788,-0.6512006270780252,3
287,2.560961417436141,-0.6670968405402431,3
288,-0.6756790792716486,0.013391980566290977,-1
289,-0.6756790792716486,0.013391980566290977,-1
290,-0.6756790792716486,0.013391980566290977,-1
291,-0.6756790792716486,0.013391980566290977,3
292,-0.6756790792716486,0.013391980566290977,-1
293,3.0489189094852613,0.20387571952861225,3
294,-0.6756790792716486,0.013391980566290977,-1
295,-0.6756790792716486,0.013391980566290977,-1
296,-0.6756790792716486,0.013391980566290977,3
297,-0.6756790792716486,0.013391980566290977,-1
298,-0.6756790792716486,0.013391980566290977,3
299,-0.6756790792716486,0.013391980566290977,-1
300,2.640129982456788,-0.6512006270780252,3
301,-0.6756790792716486,0.013391980566290977,-1
302,-0.6756790792716486,0.013391980566290977,-1
303,-0.6756790792716486,0.013391980566290977,3
304,3.536876401534384,1.074848279597467,3
305,-0.6756790792716486,0.013391980566290977,3
306,3.6160449665550303,1.0907444930596852,3
307,-0.6756790792716486,0.013391980566290977,-1
308,-0.6756790792716486,0.013391980566290977,3
309,-0.6756790792716486,0.013391980566290977,-1
310,2.640129982456788,-0.6512006270780252,3
311,-0.6756790792716486,0.013391980566290977,-1
312,-0.6756790792716486,0.013391980566290977,3
313,-0.6756790792716486,0.013391980566290977,-1
314,-0.6756790792716486,0.013391980566290977,-1
315,-0.6756790792716486,0.013391980566290977,-1
316,-0.6756790792716486,0.013391980566290977,3
317,-0.6756790792716486,0.013391980566290977,-1
318,-0.6756790792716486,0.013391980566290977,-1
319,-0.6756790792716486,0.013391980566290977,-1
320,-0.6756790792716486,0.013391980566290977,-1
321,-0.6756790792716486,0.013391980566290977,3
322,-0.6756790792716486,0.013391980566290977,3
323,-0.6756790792716486,0.013391980566290977,-1
324,-0.6756790792716486,0.013391980566290977,-1
325,-0.6756790792716486,0.013391980566290977,3
326,-0.6756790792716486,0.013391980566290977,3
327,-0.6756790792716486,0.013391980566290977,-1
328,-0.6756790792716486,0.013391980566290977,3
329,-0.6756790792716486,0.013391980566290977,-1
330,3.0489189094852613,0.20387571952861225,3
331,-0.6756790792716486,0.013391980566290977,-1
332,-0.6756790792716486,0.013391980566290977,-1
333,-0.6756790792716486,0.013391980566290977,-1
334,2.640129982456788,-0.6512006270780252,3
335,-0.6756790792716486,0.013391980566290977,3
336,-0.6756790792716486,0.013391980566290977,3
337,-0.6756790792716486,0.013391980566290977,-1
338,-0.6756790792716486,0.013391980566290977,-1
339,-0.6756790792716486,0.013391980566290977,-1
340,-0.6756790792716486,0.013391980566290977,2
341,3.0489189094852613,0.20387571952861225,3
342,-0.6756790792716486,0.013391980566290977,-1
343,-0.6756790792716486,0.013391980566290977,3
344,-0.6756790792716486,0.013391980566290977,-1
345,-0.6756790792716486,0.013391980566290977,3
346,-0.6756790792716486,0.013391980566290977,3
347,-0.6756790792716486,0.013391980566290977,-1
348,3.128087474505908,0.21977193299082975,3
349,-0.6756790792716486,0.013391980566290977,-1
350,-0.6756790792716486,0.013391980566290977,-1
351,-0.6756790792716486,0.013391980566290977,-1
352,2.560961417436141,-0.6670968405402431,3
353,-0.6756790792716486,0.013391980566290977,3
354,-0.6756790792716486,0.013391980566290977,3
355,-0.6756790792716486,0.013391980566290977,-1
356,-0.6756790792716486,0.013391980566290977,-1
357,-0.6756790792716486,0.013391980566290977,-1
358,-0.6756790792716486,0.013391980566290977,3
359,-0.6756790792716486,0.013391980566290977,-1
360,-0.6756790792716486,0.013391980566290977,-1
361,2.560961417436141,-0.6670968405402431,3
362,-0.6756790792716486,0.013391980566290977,-1
363,-0.6756790792716486,0.013391980566290977,-1
364,-0.6756790792716486,0.013391980566290977,3
365,-0.6756790792716486,0.013391980566290977,-1
366,-0.6756790792716486,0.013391980566290977,-1
367,-0.6756790792716486,0.013391980566290977,-1
368,-0.6756790792716486,0.013391980566290977,-1
369,-0.6756790792716486,0.013391980566290977,-1
370,-0.6756790792716486,0.013391980566290977,3
371,-0.6756790792716486,0.013391980566290977,-1
372,-0.6756790792716486,0.013391980566290977,-1
373,-0.6756790792716486,0.013391980566290977,-1
374,-0.6756790792716486,0.013391980566290977,-1
375,-0.6756790792716486,0.013391980566290977,-1
376,-0.6756790792716486,0.013391980566290977,3
377,2.560961417436141,-0.6670968405402431,3
378,2.560961417436141,-0.6670968405402431,3
379,3.128087474505908,0.21977193299082975,3
380,-0.6756790792716486,0.013391980566290977,-1
381,-0.6756790792716486,0.013391980566290977,-1
382,2.560961417436141,-0.6670968405402431,3
383,-0.6756790792716486,0.013391980566290977,3
384,-0.6756790792716486,0.013391980566290977,3
385,-0.6756790792716486,0.013391980566290977,3
386,3.6160449665550303,1.0907444930596852,3
387,-0.6756790792716486,0.013391980566290977,-1
388,-0.6756790792716486,0.013391980566290977,3
389,-0.6756790792716486,0.013391980566290977,3
390,-0.6756790792716486,0.013391980566290977,3
391,-0.6756790792716486,0.013391980566290977,3
392,-0.6756790792716486,0.013391980566290977,3
393,-0.6756790792716486,0.013391980566290977,-1
394,-0.6756790792716486,0.013391980566290977,-1
395,-0.6756790792716486,0.013391980566290977,-1
396,-0.6756790792716486,0.013391980566290977,3
397,-0.6756790792716486,0.013391980566290977,3
398,-0.6756790792716486,0.013391980566290977,3
399,2.640129982456788,-0.6512006270780252,3
400,3.6160449665550303,1.0907444930596852,3
401,-0.6756790792716486,0.013391980566290977,3
402,-0.6756790792716486,0.013391980566290977,3
403,-0.6756790792716486,0.013391980566290977,-1
404,-0.6756790792716486,0.013391980566290977,3
405,2.560961417436141,-0.6670968405402431,3
406,-0.6756790792716486,0.013391980566290977,3
407,-0.6756790792716486,0.013391980566290977,-1
408,-0.6756790792716486,0.013391980566290977,-1
409,-0.6756790792716486,0.013391980566290977,3
410,-0.6756790792716486,0.013391980566290977,3
411,-0.6756790792716486,0.013391980566290977,-1
412,-0.6756790792716486,0.013391980566290977,-1
413,-0.6756790792716486,0.013391980566290977,-1
414,-0.6756790792716486,0.013391980566290977,-1
415,-0.6756790792716486,0.013391980566290977,-1
416,2.560961417436141,-0.6670968405402431,3
417,-0.6756790792716486,0.013391980566290977,-1
418,-0.6756790792716486,0.013391980566290977,3
419,-0.6756790792716486,0.013391980566290977,-1
420,2.560961417436141,-0.6670968405402431,3
421,-0.6756790792716486,0.013391980566290977,2
422,-0.6756790792716486,0.013391980566290977,-1
423,-0.6756790792716486,0.013391980566290977,-1
424,-0.6756790792716486,0.013391980566290977,-1
425,2.560961417436141,-0.6670968405402431,3
426,-0.6756790792716486,0.013391980566290977,-1
427,-0.6756790792716486,0.013391980566290977,-1
428,-0.6756790792716486,0.013391980566290977,3
429,-0.6756790792716486,0.013391980566290977,-1
430,3.536876401534384,1.074848279597467,3
431,-0.6756790792716486,0.013391980566290977,-1
432,2.640129982456788,-0.6512006270780252,3
433,-0.6756790792716486,0.013391980566290977,3
434,2.4438214870662285,1.7066318813451988,-1
435,-0.6756790792716486,0.013391980566290977,-1
436,2.560961417436141,-0.6670968405402431,3
437,-0.6756790792716486,0.013391980566290977,-1
438,-0.6756790792716486,0.013391980566290977,-1
439,-0.6756790792716486,0.013391980566290977,-1
440,2.560961417436141,-0.6670968405402431,3
441,-0.6756790792716486,0.013391980566290977,-1
442,2.560961417436141,-0.6670968405402431,3
443,-0.6756790792716486,0.013391980566290977,-1
444,-0.6756790792716486,0.013391980566290977,3
445,-0.6756790792716486,0.013391980566290977,-1
446,-0.6756790792716486,0.013391980566290977,3
447,-0.6756790792716486,0.013391980566290977,-1
448,3.536876401534384,1.074848279597467,3
449,-0.6756790792716486,0.013391980566290977,-1
450,-0.6756790792716486,0.013391980566290977,-1
451,-0.6756790792716486,0.013391980566290977,-1
452,3.6160449665550303,1.0907444930596852,3
453,-0.6756790792716486,0.013391980566290977,3
454,-0.6756790792716486,0.013391980566290977,3
455,3.0489189094852613,0.20387571952861225,3
456,3.271635532161486,1.2467929916313698,3
457,3.128087474505908,0.21977193299082975,3
458,-0.6756790792716486,0.013391980566290977,-1
459,-0.6756790792716486,0.013391980566290977,-1
460,-0.6756790792716486,0.013391980566290977,3
461,-0.6756790792716486,0.013391980566290977,-1
462,-0.6756790792716486,0.013391980566290977,3
463,-0.6756790792716486,0.013391980566290977,3
464,-0.6756790792716486,0.013391980566290977,3
465,-0.6756790792716486,0.013391980566290977,3
466,-0.6756790792716486,0.013391980566290977,-1
467,-0.6756790792716486,0.013391980566290977,3
468,-0.6756790792716486,0.013391980566290977,-1
469,-0.6756790792716486,0.013391980566290977,-1
470,-0.6756790792716486,0.013391980566290977,-1
471,-0.6756790792716486,0.013391980566290977,-1
472,-0.6756790792716486,0.013391980566290977,-1
473,-0.6756790792716486,0.013391980566290977,-1
474,-0.6756790792716486,0.013391980566290977,3
475,-0.6756790792716486,0.013391980566290977,-1
476,-0.6756790792716486,0.013391980566290977,-1
477,-0.6756790792716486,0.013391980566290977,3
478,2.560961417436141,-0.6670968405402431,3
479,-0.6756790792716486,0.013391980566290977,3
480,-0.6756790792716486,0.013391980566290977,3
481,-0.6756790792716486,0.013391980566290977,3
482,-0.6756790792716486,0.013391980566290977,3
483,-0.6756790792716486,0.013391980566290977,-1
484,-0.6756790792716486,0.013391980566290977,-1
485,-0.6756790792716486,0.013391980566290977,3
486,-0.6756790792716486,0.013391980566290977,-1
487,-0.6756790792716486,0.013391980566290977,-1
488,-0.6756790792716486,0.013391980566290977,3
489,-0.6756790792716486,0.013391980566290977,-1
490,-0.6756790792716486,0.013391980566290977,-1
491,-0.6756790792716486,0.013391980566290977,3
492,-0.6756790792716486,0.013391980566290977,-1
493,-0.6756790792716486,0.013391980566290977,-1
494,-0.6756790792716486,0.013391980566290977,3
495,-0.6756790792716486,0.013391980566290977,-1
496,-0.6756790792716486,0.013391980566290977,-1
497,-0.6756790792716486,0.013391980566290977,-1
498,-0.6756790792716486,0.013391980566290977,-1
499,-0.6756790792716486,0.013391980566290977,-1
500,2.560961417436141,-0.6670968405402431,3
501,-0.6756790792716486,0.013391980566290977,-1
502,3.0489189094852613,0.20387571952861225,3
503,-0.6756790792716486,0.013391980566290977,3
504,2.560961417436141,-0.6670968405402431,3
505,-0.6756790792716486,0.013391980566290977,-1
506,2.640129982456788,-0.6512006270780252,3
507,-0.6756790792716486,0.013391980566290977,3
508,-0.6756790792716486,0.013391980566290977,-1
509,2.640129982456788,-0.6512006270780252,3
510,3.6160449665550303,1.0907444930596852,3
511,-0.6756790792716486,0.013391980566290977,3
512,-0.6756790792716486,0.013391980566290977,-1
513,-0.6756790792716486,0.013391980566290977,-1
514,3.0489189094852613,0.20387571952861225,3
515,-0.6756790792716486,0.013391980566290977,-1
516,3.0489189094852613,0.20387571952861225,3
517,-0.6756790792716486,0.013391980566290977,-1
518,-0.6756790792716486,0.013391980566290977,-1
519,-0.6756790792716486,0.013391980566290977,-1
520,3.0489189094852613,0.20387571952861225,3
521,-0.6756790792716486,0.013391980566290977,-1
522,-0.6756790792716486,0.013391980566290977,-1
523,-0.6756790792716486,0.013391980566290977,-1
524,2.640129982456788,-0.6512006270780252,3
525,-0.6756790792716486,0.013391980566290977,3
526,-0.6756790792716486,0.013391980566290977,3
527,2.295720548063244,-0.4951521285063401,3
528,-0.6756790792716486,0.013391980566290977,-1
529,2.640129982456788,-0.6512006270780252,3
530,-0.6756790792716486,0.013391980566290977,-1
531,-0.6756790792716486,0.013391980566290977,3
532,3.6160449665550303,1.0907444930596852,3
533,-0.6756790792716486,0.013391980566290977,-1
534,-0.6756790792716486,0.013391980566290977,-1
535,-0.6756790792716486,0.013391980566290977,-1
536,-0.6756790792716486,0.013391980566290977,-1
537,-0.6756790792716486,0.013391980566290977,-1
538,-0.6756790792716486,0.013391980566290977,3
539,-0.6756790792716486,0.013391980566290977,3
540,-0.6756790792716486,0.013391980566290977,-1
541,-0.6756790792716486,0.013391980566290977,-1
542,-0.6756790792716486,0.013391980566290977,-1
543,3.6160449665550303,1.0907444930596852,3
544,-0.6756790792716486,0.013391980566290977,3
545,-0.6756790792716486,0.013391980566290977,-1
546,-0.6756790792716486,0.013391980566290977,-1
547,-0.6756790792716486,0.013391980566290977,-1
548,-0.6756790792716486,0.013391980566290977,-1
549,-0.6756790792716486,0.013391980566290977,3
550,-0.6756790792716486,0.013391980566290977,3
551,-0.6756790792716486,0.013391980566290977,3
552,-0.6756790792716486,0.013391980566290977,-1
553,-0.6756790792716486,0.013391980566290977,-1
554,-0.6756790792716486,0.013391980566290977,3
555,-0.6756790792716486,0.013391980566290977,-1
556,-0.6756790792716486,0.013391980566290977,3
557,-0.6756790792716486,0.013391980566290977,-1
558,-0.6756790792716486,0.013391980566290977,3
559,3.0489189094852613,0.20387571952861225,3
560,-0.6756790792716486,0.013391980566290977,-1
561,2.560961417436141,-0.6670968405402431,3
562,-0.6756790792716486,0.013391980566290977,-1
563,-0.6756790792716486,0.013391980566290977,-1
564,-0.6756790792716486,0.013391980566290977,3
565,-0.6756790792716486,0.013391980566290977,3
566,-0.6756790792716486,0.013391980566290977,3
567,-0.6756790792716486,0.013391980566290977,3
568,-0.6756790792716486,0.013391980566290977,-1
569,-0.6756790792716486,0.013391980566290977,3
570,-0.6756790792716486,0.013391980566290977,-1
571,-0.6756790792716486,0.013391980566290977,3
572,-0.6756790792716486,0.013391980566290977,3
573,-0.6756790792716486,0.013391980566290977,3
574,-0.6756790792716486,0.013391980566290977,-1
575,-0.6756790792716486,0.013391980566290977,-1
576,-0.6756790792716486,0.013391980566290977,-1
577,-0.6756790792716486,0.013391980566290977,-1
578,-0.6756790792716486,0.013391980566290977,-1
579,-0.6756790792716486,0.013391980566290977,-1
580,-0.6756790792716486,0.013391980566290977,3
581,-0.6756790792716486,0.013391980566290977,-1
582,-0.6756790792716486,0.013391980566290977,-1
583,-0.6756790792716486,0.013391980566290977,3
584,2.560961417436141,-0.6670968405402431,3
585,3.0489189094852613,0.20387571952861225,3
586,-0.6756790792716486,0.013391980566290977,-1
587,-0.6756790792716486,0.013391980566290977,-1
588,-0.6756790792716486,0.013391980566290977,3
589,-0.6756790792716486,0.013391980566290977,3
590,-0.6756790792716486,0.013391980566290977,3
591,-0.6756790792716486,0.013391980566290977,3
592,3.6160449665550303,1.0907444930596852,3
593,2.640129982456788,-0.6512006270780252,3
594,3.536876401534384,1.074848279597467,3
595,3.128087474505908,0.21977193299082975,3
596,-0.6756790792716486,0.013391980566290977,3
597,-0.6756790792716486,0.013391980566290977,3
598,2.560961417436141,-0.6670968405402431,3
599,3.6160449665550303,1.0907444930596852,3
600,-0.6756790792716486,0.013391980566290977,-1
601,-0.6756790792716486,0.013391980566290977,3
602,-0.6756790792716486,0.013391980566290977,-1
603,-0.6756790792716486,0.013391980566290977,-1
604,-0.6756790792716486,0.013391980566290977,3
605,-0.6756790792716486,0.013391980566290977,-1
606,-0.6756790792716486,0.013391980566290977,-1
607,-0.6756790792716486,0.013391980566290977,-1
608,2.560961417436141,-0.6670968405402431,3
609,2.640129982456788,-0.6512006270780252,3
610,-0.6756790792716486,0.013391980566290977,3
611,-0.6756790792716486,0.013391980566290977,-1
612,-0.6756790792716486,0.013391980566290977,3
613,-0.6756790792716486,0.013391980566290977,-1
614,-0.6756790792716486,0.013391980566290977,-1
615,-0.6756790792716486,0.013391980566290977,-1
616,-0.6756790792716486,0.013391980566290977,-1
617,-0.6756790792716486,0.013391980566290977,-1
618,-0.6756790792716486,0.013391980566290977,3
619,-0.6756790792716486,0.013391980566290977,-1
620,-0.6756790792716486,0.013391980566290977,-1
621,-0.6756790792716486,0.013391980566290977,-1
622,-0.6756790792716486,0.013391980566290977,-1
623,-0.6756790792716486,0.013391980566290977,3
624,-0.6756790792716486,0.013391980566290977,3
625,-0.6756790792716486,0.013391980566290977,-1
626,-0.6756790792716486,0.013391980566290977,-1
627,-0.6756790792716486,0.013391980566290977,3
628,-0.6756790792716486,0.013391980566290977,-1
629,2.560961417436141,-0.6670968405402431,3
630,-0.6756790792716486,0.013391980566290977,-1
631,-0.6756790792716486,0.013391980566290977,-1
632,-0.6756790792716486,0.013391980566290977,-1
633,-0.6756790792716486,0.013391980566290977,-1
634,-0.6756790792716486,0.013391980566290977,3
635,2.560961417436141,-0.6670968405402431,3
636,2.640129982456788,-0.6512006270780252,3
637,-0.6756790792716486,0.013391980566290977,-1
638,-0.6756790792716486,0.013391980566290977,3
639,2.640129982456788,-0.6512006270780252,3
640,-0.6756790792716486,0.013391980566290977,-1
641,-0.6756790792716486,0.013391980566290977,-1
642,-0.6756790792716486,0.013391980566290977,3
643,-0.6756790792716486,0.013391980566290977,-1
644,2.560961417436141,-0.6670968405402431,3
645,2.560961417436141,-0.6670968405402431,3
646,-0.6756790792716486,0.013391980566290977,-1
647,-0.6756790792716486,0.013391980566290977,-1
648,3.536876401534384,1.074848279597467,3
649,-0.6756790792716486,0.013391980566290977,-1
650,2.560961417436141,-0.6670968405402431,3
651,-0.6756790792716486,0.013391980566290977,3
652,2.560961417436141,-0.6670968405402431,3
653,-0.6756790792716486,0.013391980566290977,-1
654,3.6160449665550303,1.0907444930596852,3
655,-0.6756790792716486,0.013391980566290977,-1
656,-0.6756790792716486,0.013391980566290977,3
657,2.560961417436141,-0.6670968405402431,3
658,-0.6756790792716486,0.013391980566290977,3
659,3.0489189094852613,0.20387571952861225,3
660,-0.6756790792716486,0.013391980566290977,-1
661,-0.6756790792716486,0.013391980566290977,3
662,-0.6756790792716486,0.013391980566290977,-1
663,-0.6756790792716486,0.013391980566290977,3
664,3.0489189094852613,0.20387571952861225,3
665,2.560961417436141,-0.6670968405402431,3
666,-0.6756790792716486,0.013391980566290977,-1
667,-0.6756790792716486,0.013391980566290977,3
668,-0.6756790792716486,0.013391980566290977,-1
669,-0.6756790792716486,0.013391980566290977,3
670,-0.6756790792716486,0.013391980566290977,-1
671,2.640129982456788,-0.6512006270780252,3
672,-0.6756790792716486,0.013391980566290977,3
673,-0.6756790792716486,0.013391980566290977,3
674,-0.6756790792716486,0.013391980566290977,-1
675,-0.6756790792716486,0.013391980566290977,-1
676,-0.6756790792716486,0.013391980566290977,3
677,2.560961417436141,-0.6670968405402431,3
678,-0.6756790792716486,0.013391980566290977,-1
679,3.0489189094852613,0.20387571952861225,3
680,-0.6756790792716486,0.013391980566290977,-1
681,-0.6756790792716486,0.013391980566290977,3
682,-0.6756790792716486,0.013391980566290977,-1
683,-0.6756790792716486,0.013391980566290977,3
684,-0.6756790792716486,0.013391980566290977,-1
685,-0.6756790792716486,0.013391980566290977,-1
686,-0.6756790792716486,0.013391980566290977,3
687,-0.6756790792716486,0.013391980566290977,3
688,2.640129982456788,-0.6512006270780252,3
689,-0.6756790792716486,0.013391980566290977,-1
690,-0.6756790792716486,0.013391980566290977,-1
691,2.560961417436141,-0.6670968405402431,3
692,-0.6756790792716486,0.013391980566290977,-1
693,-0.6756790792716486,0.013391980566290977,3
694,-0.6756790792716486,0.013391980566290977,3
695,-0.6756790792716486,0.013391980566290977,-1
696,-0.6756790792716486,0.013391980566290977,-1
697,-0.6756790792716486,0.013391980566290977,3
698,-0.6756790792716486,0.013391980566290977,-1
699,3.0489189094852613,0.20387571952861225,3
700,-0.6756790792716486,0.013391980566290977,3
701,-0.6756790792716486,0.013391980566290977,3
702,-0.6756790792716486,0.013391980566290977,-1
703,-0.6756790792716486,0.013391980566290977,2
704,-0.6756790792716486,0.013391980566290977,-1
705,-0.6756790792716486,0.013391980566290977,3
706,-0.6756790792716486,0.013391980566290977,-1
707,-0.6756790792716486,0.013391980566290977,3
708,-0.6756790792716486,0.013391980566290977,-1
709,-0.6756790792716486,0.013391980566290977,-1
710,-0.6756790792716486,0.013391980566290977,3
711,2.560961417436141,-0.6670968405402431,3
712,-0.6756790792716486,0.013391980566290977,-1
713,-0.6756790792716486,0.013391980566290977,-1
714,-0.6756790792716486,0.013391980566290977,-1
715,-0.6756790792716486,0.013391980566290977,-1
716,-0.6756790792716486,0.013391980566290977,-1
717,-0.6756790792716486,0.013391980566290977,3
718,-0.6756790792716486,0.013391980566290977,-1
719,-0.6756790792716486,0.013391980566290977,3
720,-0.6756790792716486,0.013391980566290977,-1
721,-0.6756790792716486,0.013391980566290977,3
722,-0.6756790792716486,0.013391980566290977,3
723,2.560961417436141,-0.6670968405402431,3
724,-0.6756790792716486,0.013391980566290977,3
725,-0.6756790792716486,0.013391980566290977,-1
726,-0.6756790792716486,0.013391980566290977,-1
727,-0.6756790792716486,0.013391980566290977,-1
728,-0.6756790792716486,0.013391980566290977,3
729,-0.6756790792716486,0.013391980566290977,-1
730,-0.6756790792716486,0.013391980566290977,-1
731,-0.6756790792716486,0.013391980566290977,-1
732,-0.6756790792716486,0.013391980566290977,3
733,-0.6756790792716486,0.013391980566290977,3
734,-0.6756790792716486,0.013391980566290977,3
735,2.560961417436141,-0.6670968405402431,3
736,2.640129982456788,-0.6512006270780252,3
737,3.536876401534384,1.074848279597467,3
738,-0.6756790792716486,0.013391980566290977,-1
739,-0.6756790792716486,0.013391980566290977,-1
740,-0.6756790792716486,0.013391980566290977,-1
741,2.560961417436141,-0.6670968405402431,3
742,2.560961417436141,-0.6670968405402431,3
743,2.3748891130838907,-0.4792559150441224,3
744,-0.6756790792716486,0.013391980566290977,-1
745,-0.6756790792716486,0.013391980566290977,3
746,-0.6756790792716486,0.013391980566290977,-1
747,-0.6756790792716486,0.013391980566290977,3
748,-0.6756790792716486,0.013391980566290977,3
749,2.560961417436141,-0.6670968405402431,3
750,-0.6756790792716486,0.013391980566290977,3
751,-0.6756790792716486,0.013391980566290977,-1
752,-0.6756790792716486,0.013391980566290977,-1
753,-0.6756790792716486,0.013391980566290977,3
754,-0.6756790792716486,0.013391980566290977,3
755,2.640129982456788,-0.6512006270780252,3
756,2.640129982456788,-0.6512006270780252,3
757,-0.6756790792716486,0.013391980566290977,-1
758,-0.6756790792716486,0.013391980566290977,-1
759,-0.6756790792716486,0.013391980566290977,-1
760,2.560961417436141,-0.6670968405402431,3
761,-0.6756790792716486,0.013391980566290977,3
762,-0.6756790792716486,0.013391980566290977,-1
763,-0.6756790792716486,0.013391980566290977,3
764,-0.6756790792716486,0.013391980566290977,-1
765,-0.6756790792716486,0.013391980566290977,3
766,-0.6756790792716486,0.013391980566290977,3
767,-0.6756790792716486,0.013391980566290977,-1
768,2.560961417436141,-0.6670968405402431,3
769,-0.6756790792716486,0.013391980566290977,-1
770,-0.6756790792716486,0.013391980566290977,-1
771,-0.6756790792716486,0.013391980566290977,-1
772,3.0489189094852613,0.20387571952861225,3
773,-0.6756790792716486,0.013391980566290977,-1
774,-0.6756790792716486,0.013391980566290977,-1
775,2.640129982456788,-0.6512006270780252,3
776,2.560961417436141,-0.6670968405402431,3
777,-0.6756790792716486,0.013391980566290977,-1
778,-0.6756790792716486,0.013391980566290977,-1
779,-0.6756790792716486,0.013391980566290977,-1
780,2.560961417436141,-0.6670968405402431,3
781,2.560961417436141,-0.6670968405402431,3
782,-0.6756790792716486,0.013391980566290977,3
783,2.560961417436141,-0.6670968405402431,3
784,-0.6756790792716486,0.013391980566290977,3
785,-0.6756790792716486,0.013391980566290977,3
786,-0.6756790792716486,0.013391980566290977,-1
787,-0.6756790792716486,0.013391980566290977,-1
788,-0.6756790792716486,0.013391980566290977,3
789,-0.6756790792716486,0.013391980566290977,2
790,-0.6756790792716486,0.013391980566290977,-1
791,-0.6756790792716486,0.013391980566290977,3
792,-0.6756790792716486,0.013391980566290977,-1
793,2.560961417436141,-0.6670968405402431,3
794,-0.6756790792716486,0.013391980566290977,-1
795,3.536876401534384,1.074848279597467,3
796,-0.6756790792716486,0.013391980566290977,3
797,-0.6756790792716486,0.013391980566290977,-1
798,-0.18772158722252774,0.8843645406351462,-1
799,-0.6756790792716486,0.013391980566290977,-1
800,-0.6756790792716486,0.013391980566290977,-1
801,-0.6756790792716486,0.013391980566290977,-1
802,-0.6756790792716486,0.013391980566290977,-1
803,-0.6756790792716486,0.013391980566290977,-1
804,-0.6756790792716486,0.013391980566290977,-1
805,-0.6756790792716486,0.013391980566290977,3
806,2.560961417436141,-0.6670968405402431,3
807,-0.6756790792716486,0.013391980566290977,-1
808,2.560961417436141,-0.6670968405402431,3
809,-0.6756790792716486,0.013391980566290977,3
810,-0.6756790792716486,0.013391980566290977,3
811,-0.6756790792716486,0.013391980566290977,-1
812,-0.6756790792716486,0.013391980566290977,-1
813,-0.6756790792716486,0.013391980566290977,-1
814,3.536876401534384,1.074848279597467,3
815,-0.6756790792716486,0.013391980566290977,-1
816,-0.6756790792716486,0.013391980566290977,3
817,-0.6756790792716486,0.013391980566290977,-1
818,-0.6756790792716486,0.013391980566290977,-1
819,-0.6756790792716486,0.013391980566290977,-1
820,-0.6756790792716486,0.013391980566290977,-1
821,-0.6756790792716486,0.013391980566290977,-1
822,3.6160449665550303,1.0907444930596852,3
823,2.560961417436141,-0.6670968405402431,3
824,-0.6756790792716486,0.013391980566290977,-1
825,-0.6756790792716486,0.013391980566290977,-1
826,-0.6756790792716486,0.013391980566290977,-1
827,-0.6756790792716486,0.013391980566290977,3
828,-0.6756790792716486,0.013391980566290977,3
829,-0.6756790792716486,0.013391980566290977,3
830,-0.6756790792716486,0.013391980566290977,-1
831,-0.6756790792716486,0.013391980566290977,3
832,-0.6756790792716486,0.013391980566290977,3
833,-0.6756790792716486,0.013391980566290977,-1
834,-0.6756790792716486,0.013391980566290977,3
835,-0.6756790792716486,0.013391980566290977,3
836,2.560961417436141,-0.6670968405402431,3
837,-0.6756790792716486,0.013391980566290977,-1
838,-0.6756790792716486,0.013391980566290977,3
839,-0.6756790792716486,0.013391980566290977,3
840,1.9604168763645156,2.0104222724873426,3
841,3.536876401534384,1.074848279597467,3
842,-0.6756790792716486,0.013391980566290977,3
843,-0.6756790792716486,0.013391980566290977,3
844,2.560961417436141,-0.6670968405402431,3
845,-0.6756790792716486,0.013391980566290977,3
846,3.6160449665550303,1.0907444930596852,3
847,-0.6756790792716486,0.013391980566290977,-1
848,-0.6756790792716486,0.013391980566290977,3
849,-0.6756790792716486,0.013391980566290977,3
850,-0.6756790792716486,0.013391980566290977,-1
851,-0.6756790792716486,0.013391980566290977,-1
852,-0.6756790792716486,0.013391980566290977,-1
853,3.0489189094852613,0.20387571952861225,3
854,-0.6756790792716486,0.013391980566290977,3
855,2.560961417436141,-0.6670968405402431,3
856,2.560961417436141,-0.6670968405402431,3
857,-0.6756790792716486,0.013391980566290977,-1
858,3.0489189094852613,0.20387571952861225,3
859,-0.6756790792716486,0.013391980566290977,3
860,2.560961417436141,-0.6670968405402431,3
861,-0.6756790792716486,0.013391980566290977,-1
862,-0.6756790792716486,0.013391980566290977,-1
863,-0.6756790792716486,0.013391980566290977,3
864,-0.6756790792716486,0.013391980566290977,-1
865,2.783678040112364,0.3758204315625153,3
866,0.7881933968757144,2.6263096607728564,-1
867,-0.6756790792716486,0.013391980566290977,3
868,-0.6756790792716486,0.013391980566290977,3
869,-0.6756790792716486,0.013391980566290977,3
870,-0.6756790792716486,0.013391980566290977,-1
871,-0.6756790792716486,0.013391980566290977,-1
872,-0.6756790792716486,0.013391980566290977,-1
873,-0.6756790792716486,0.013391980566290977,-1
874,-0.6756790792716486,0.013391980566290977,-1
875,2.560961417436141,-0.6670968405402431,3
876,2.560961417436141,-0.6670968405402431,3
877,2.560961417436141,-0.6670968405402431,3
878,-0.6756790792716486,0.013391980566290977,-1
879,-0.6756790792716486,0.013391980566290977,-1
880,2.560961417436141,-0.6670968405402431,3
881,-0.6756790792716486,0.013391980566290977,3
882,-0.6756790792716486,0.013391980566290977,-1
883,-0.6756790792716486,0.013391980566290977,-1
884,-0.6756790792716486,0.013391980566290977,-1
885,-0.6756790792716486,0.013391980566290977,-1
886,-0.6756790792716486,0.013391980566290977,3
887,3.536876401534384,1.074848279597467,3
888,-0.6756790792716486,0.013391980566290977,-1
889,-0.6756790792716486,0.013391980566290977,-1
890,3.536876401534384,1.074848279597467,3
891,3.0489189094852613,0.20387571952861225,3
892,-0.6756790792716486,0.013391980566290977,-1
893,-0.6756790792716486,0.013391980566290977,3
894,-0.6756790792716486,0.013391980566290977,-1
895,-0.6756790792716486,0.013391980566290977,3
896,-0.6756790792716486,0.013391980566290977,3
897,-0.6756790792716486,0.013391980566290977,3
898,-0.6756790792716486,0.013391980566290977,3
899,-0.6756790792716486,0.013391980566290977,3
900,-0.6756790792716486,0.013391980566290977,-1
901,-0.6756790792716486,0.013391980566290977,3
902,-0.6756790792716486,0.013391980566290977,-1
903,-0.6756790792716486,0.013391980566290977,-1
904,-0.6756790792716486,0.013391980566290977,-1
905,-0.6756790792716486,0.013391980566290977,3
906,-0.6756790792716486,0.013391980566290977,3
907,-0.6756790792716486,0.013391980566290977,3
908,-0.6756790792716486,0.013391980566290977,3
909,-0.6756790792716486,0.013391980566290977,3
910,-0.6756790792716486,0.013391980566290977,-1
911,3.0489189094852613,0.20387571952861225,3
912,-0.6756790792716486,0.013391980566290977,-1
913,3.0489189094852613,0.20387571952861225,3
914,2.640129982456788,-0.6512006270780252,3
915,0.6410985508309175,0.4362440772239919,2
916,-0.6756790792716486,0.013391980566290977,-1
917,-0.6756790792716486,0.013391980566290977,-1
918,-0.6756790792716486,0.013391980566290977,3
919,-0.6756790792716486,0.013391980566290977,3
920,-0.6756790792716486,0.013391980566290977,-1
921,-0.6756790792716486,0.013391980566290977,-1
922,-0.6756790792716486,0.013391980566290977,3
923,-0.6756790792716486,0.013391980566290977,3
924,-0.6756790792716486,0.013391980566290977,-1
925,2.640129982456788,-0.6512006270780252,3
926,-0.6756790792716486,0.013391980566290977,-1
927,3.6160449665550303,1.0907444930596852,3
928,-0.6756790792716486,0.013391980566290977,-1
929,3.536876401534384,1.074848279597467,3
930,2.560961417436141,-0.6670968405402431,3
931,-0.6756790792716486,0.013391980566290977,-1
932,3.0489189094852613,0.20387571952861225,3
933,-0.6756790792716486,0.013391980566290977,-1
934,2.560961417436141,-0.6670968405402431,3
935,-0.6756790792716486,0.013391980566290977,-1
936,-0.6756790792716486,0.013391980566290977,3
937,-0.6756790792716486,0.013391980566290977,-1
938,-0.6756790792716486,0.013391980566290977,3
939,-0.6756790792716486,0.013391980566290977,-1
940,-0.6756790792716486,0.013391980566290977,-1
941,-0.6756790792716486,0.013391980566290977,-1
942,-0.6756790792716486,0.013391980566290977,3
943,-0.6756790792716486,0.013391980566290977,-1
944,-0.6756790792716486,0.013391980566290977,3
945,-0.6756790792716486,0.013391980566290977,-1
946,-0.6756790792716486,0.013391980566290977,3
947,-0.6756790792716486,0.013391980566290977,-1
948,-0.6756790792716486,0.013391980566290977,-1
949,-0.6756790792716486,0.013391980566290977,3
950,-0.6756790792716486,0.013391980566290977,3
951,-0.6756790792716486,0.013391980566290977,3
952,-0.6756790792716486,0.013391980566290977,-1
953,3.536876401534384,1.074848279597467,3
954,-0.6756790792716486,0.013391980566290977,-1
955,2.640129982456788,-0.6512006270780252,3
956,-0.6756790792716486,0.013391980566290977,-1
957,-0.6756790792716486,0.013391980566290977,-1
958,-0.6756790792716486,0.013391980566290977,-1
959,2.560961417436141,-0.6670968405402431,3
960,-0.6756790792716486,0.013391980566290977,-1
961,2.640129982456788,-0.6512006270780252,3
962,-0.6756790792716486,0.013391980566290977,3
963,-0.6756790792716486,0.013391980566290977,-1
964,-0.6756790792716486,0.013391980566290977,-1
965,-0.6756790792716486,0.013391980566290977,-1
966,-0.6756790792716486,0.013391980566290977,-1
967,-0.6756790792716486,0.013391980566290977,-1
968,3.6160449665550303,1.0907444930596852,3
969,-0.6756790792716486,0.013391980566290977,-1
970,-0.6756790792716486,0.013391980566290977,-1
971,-0.6756790792716486,0.013391980566290977,3
972,3.6160449665550303,1.0907444930596852,3
973,-0.6756790792716486,0.013391980566290977,3
974,3.536876401534384,1.074848279597467,3
975,-0.6756790792716486,0.013391980566290977,3
976,-0.6756790792716486,0.013391980566290977,-1
977,-0.6756790792716486,0.013391980566290977,-1
978,-0.6756790792716486,0.013391980566290977,-1
979,-0.6756790792716486,0.013391980566290977,3
980,-0.6756790792716486,0.013391980566290977,3
981,-0.6756790792716486,0.013391980566290977,-1
982,-0.6756790792716486,0.013391980566290977,-1
983,-0.6756790792716486,0.013391980566290977,-1
984,-0.6756790792716486,0.013391980566290977,-1
985,2.560961417436141,-0.6670968405402431,3
986,-0.6756790792716486,0.013391980566290977,-1
987,3.0489189094852613,0.20387571952861225,3
988,-0.6756790792716486,0.013391980566290977,-1
989,-0.6756790792716486,0.013391980566290977,-1
990,3.536876401534384,1.074848279597467,3
991,-0.6756790792716486,0.013391980566290977,-1
992,-0.6756790792716486,0.013391980566290977,-1
993,-0.6756790792716486,0.013391980566290977,-1
994,3.0489189094852613,0.20387571952861225,3
995,-0.6756790792716486,0.013391980566290977,-1
996,-0.6756790792716486,0.013391980566290977,-1
997,-0.6756790792716486,0.013391980566290977,-1
998,-0.6756790792716486,0.013391980566290977,3
999,-0.6756790792716486,0.013391980566290977,3
1000,-0.6756790792716486,0.013391980566290977,-1
1001,-0.6756790792716486,0.013391980566290977,-1
1002,3.0489189094852613,0.20387571952861225,3
1003,2.560961417436141,-0.6670968405402431,3
1004,-0.6756790792716486,0.013391980566290977,-1
1005,-0.6756790792716486,0.013391980566290977,-1
1006,-0.6756790792716486,0.013391980566290977,-1
1007,-0.6756790792716486,0.013391980566290977,-1
1008,-0.6756790792716486,0.013391980566290977,-1
1009,-0.6756790792716486,0.013391980566290977,-1
1010,-0.6756790792716486,0.013391980566290977,-1
1011,-0.6756790792716486,0.013391980566290977,-1
1012,-0.6756790792716486,0.013391980566290977,-1
1013,-0.6756790792716486,0.013391980566290977,-1
1014,-0.6756790792716486,0.013391980566290977,3
1015,-0.6756790792716486,0.013391980566290977,-1
1016,2.560961417436141,-0.6670968405402431,3
1017,-0.6756790792716486,0.013391980566290977,-1
1018,-0.6756790792716486,0.013391980566290977,-1
1019,-0.6756790792716486,0.013391980566290977,-1
1020,-0.6756790792716486,0.013391980566290977,-1
1021,-0.6756790792716486,0.013391980566290977,-1
1022,-0.6756790792716486,0.013391980566290977,3
1023,-0.6756790792716486,0.013391980566290977,3
1024,-0.6756790792716486,0.013391980566290977,3
1025,2.560961417436141,-0.6670968405402431,3
1026,-0.6756790792716486,0.013391980566290977,3
1027,-0.6756790792716486,0.013391980566290977,3
1028,-0.6756790792716486,0.013391980566290977,-1
1029,-0.6756790792716486,0.013391980566290977,-1
1030,-0.6756790792716486,0.013391980566290977,3
1031,2.560961417436141,-0.6670968405402431,3
1032,-0.6756790792716486,0.013391980566290977,3
1033,2.560961417436141,-0.6670968405402431,3
1034,1.8812483113438687,1.9945260590251253,3
1035,-0.6756790792716486,0.013391980566290977,-1
1036,-0.6756790792716486,0.013391980566290977,-1
1037,-0.6756790792716486,0.013391980566290977,3
1038,-0.6756790792716486,0.013391980566290977,-1
1039,-0.6756790792716486,0.013391980566290977,-1
1040,-0.6756790792716486,0.013391980566290977,3
1041,3.128087474505908,0.21977193299082975,3
1042,-0.6756790792716486,0.013391980566290977,-1
1043,-0.6756790792716486,0.013391980566290977,3
1044,-0.6756790792716486,0.013391980566290977,-1
1045,-0.6756790792716486,0.013391980566290977,3
1046,-0.6756790792716486,0.013391980566290977,-1
1047,-0.6756790792716486,0.013391980566290977,3
1048,3.536876401534384,1.074848279597467,3
1049,-0.6756790792716486,0.013391980566290977,3
1050,2.560961417436141,-0.6670968405402431,3
1051,-0.6756790792716486,0.013391980566290977,-1
1052,-0.6756790792716486,0.013391980566290977,-1
1053,-0.6756790792716486,0.013391980566290977,3
1054,-0.6756790792716486,0.013391980566290977,-1
1055,-0.6756790792716486,0.013391980566290977,-1
1056,-0.6756790792716486,0.013391980566290977,3
1057,2.560961417436141,-0.6670968405402431,3
1058,-0.6756790792716486,0.013391980566290977,-1
1059,-0.6756790792716486,0.013391980566290977,-1
1060,2.640129982456788,-0.6512006270780252,3
1061,-0.6756790792716486,0.013391980566290977,3
1062,-0.6756790792716486,0.013391980566290977,-1
1063,-0.6756790792716486,0.013391980566290977,3
1064,-0.6756790792716486,0.013391980566290977,-1
1065,-0.6756790792716486,0.013391980566290977,3
1066,-0.6756790792716486,0.013391980566290977,-1
1067,3.536876401534384,1.074848279597467,3
1068,-0.6756790792716486,0.013391980566290977,-1
1069,-0.6756790792716486,0.013391980566290977,-1
1070,-0.6756790792716486,0.013391980566290977,3
1071,2.560961417436141,-0.6670968405402431,3
1072,-0.6756790792716486,0.013391980566290977,-1
1073,-0.6756790792716486,0.013391980566290977,-1
1074,2.560961417436141,-0.6670968405402431,3
1075,-0.6756790792716486,0.013391980566290977,-1
1076,2.295720548063244,-0.4951521285063401,3
1077,-0.6756790792716486,0.013391980566290977,-1
1078,-0.6756790792716486,0.013391980566290977,-1
1079,-0.6756790792716486,0.013391980566290977,3
1080,-0.6756790792716486,0.013391980566290977,-1
1081,-0.6756790792716486,0.013391980566290977,-1
1082,-0.6756790792716486,0.013391980566290977,-1
1083,3.536876401534384,1.074848279597467,3
1084,-0.6756790792716486,0.013391980566290977,-1
1085,-0.6756790792716486,0.013391980566290977,3
1086,-0.6756790792716486,0.013391980566290977,-1
1087,2.560961417436141,-0.6670968405402431,3
1088,-0.6756790792716486,0.013391980566290977,-1
1089,-0.6756790792716486,0.013391980566290977,-1
1090,-0.6756790792716486,0.013391980566290977,-1
1091,-0.6756790792716486,0.013391980566290977,-1
1092,-0.6756790792716486,0.013391980566290977,-1
1093,-0.6756790792716486,0.013391980566290977,-1
1094,-0.6756790792716486,0.013391980566290977,3
1095,2.560961417436141,-0.6670968405402431,3
1096,-0.6756790792716486,0.013391980566290977,-1
1097,-0.6756790792716486,0.013391980566290977,-1
1098,-0.6756790792716486,0.013391980566290977,3
1099,-0.6756790792716486,0.013391980566290977,3
1100,-0.6756790792716486,0.013391980566290977,-1
1101,-0.6756790792716486,0.013391980566290977,3
1102,-0.6756790792716486,0.013391980566290977,-1
1103,-0.6756790792716486,0.013391980566290977,3
1104,-0.6756790792716486,0.013391980566290977,-1
1105,2.560961417436141,-0.6670968405402431,3
1106,3.536876401534384,1.074848279597467,3
1107,-0.6756790792716486,0.013391980566290977,3
1108,-0.6756790792716486,0.013391980566290977,-1
1109,-0.6756790792716486,0.013391980566290977,-1
1110,-0.6756790792716486,0.013391980566290977,-1
1111,-0.6756790792716486,0.013391980566290977,3
1112,-0.6756790792716486,0.013391980566290977,3
1113,3.271635532161486,1.2467929916313698,3
1114,-0.6756790792716486,0.013391980566290977,3
1115,-0.6756790792716486,0.013391980566290977,-1
1116,-0.6756790792716486,0.013391980566290977,-1
1117,2.560961417436141,-0.6670968405402431,3
1118,-0.6756790792716486,0.013391980566290977,-1
1119,-0.6756790792716486,0.013391980566290977,3
1120,-0.6756790792716486,0.013391980566290977,-1
1121,-0.6756790792716486,0.013391980566290977,-1
1122,3.0489189094852613,0.20387571952861225,3
1123,-0.6756790792716486,0.013391980566290977,3
1124,-0.6756790792716486,0.013391980566290977,-1
1125,-0.6756790792716486,0.013391980566290977,-1
1126,-0.6756790792716486,0.013391980566290977,3
1127,2.560961417436141,-0.6670968405402431,3
1128,-0.6756790792716486,0.013391980566290977,-1
1129,-0.6756790792716486,0.013391980566290977,-1
1130,-0.6756790792716486,0.013391980566290977,-1
1131,-0.6756790792716486,0.013391980566290977,-1
1132,-0.6756790792716486,0.013391980566290977,3
1133,-0.6756790792716486,0.013391980566290977,3
1134,-0.6756790792716486,0.013391980566290977,3
1135,-0.6756790792716486,0.013391980566290977,3
1136,-0.6756790792716486,0.013391980566290977,-1
1137,2.560961417436141,-0.6670968405402431,3
1138,-0.6756790792716486,0.013391980566290977,3
1139,-0.6756790792716486,0.013391980566290977,3
1140,-0.6756790792716486,0.013391980566290977,3
1141,-0.6756790792716486,0.013391980566290977,3
1142,2.560961417436141,-0.6670968405402431,3
1143,-0.6756790792716486,0.013391980566290977,3
1144,-0.6756790792716486,0.013391980566290977,-1
1145,-0.6756790792716486,0.013391980566290977,3
1146,3.536876401534384,1.074848279597467,3
1147,-0.6756790792716486,0.013391980566290977,-1
1148,-0.6756790792716486,0.013391980566290977,-1
1149,-0.6756790792716486,0.013391980566290977,-1
1150,-0.6756790792716486,0.013391980566290977,3
1151,-0.6756790792716486,0.013391980566290977,-1
1152,-0.6756790792716486,0.013391980566290977,-1
1153,-0.6756790792716486,0.013391980566290977,-1
1154,-0.6756790792716486,0.013391980566290977,-1
1155,-0.6756790792716486,0.013391980566290977,3
1156,-0.6756790792716486,0.013391980566290977,-1
1157,-0.6756790792716486,0.013391980566290977,-1
1158,-0.6756790792716486,0.013391980566290977,-1
1159,-0.6756790792716486,0.013391980566290977,3
1160,-0.6756790792716486,0.013391980566290977,-1
1161,-0.6756790792716486,0.013391980566290977,3
1162,-0.6756790792716486,0.013391980566290977,-1
1163,3.0489189094852613,0.20387571952861225,3
1164,-0.6756790792716486,0.013391980566290977,3
1165,3.271635532161486,1.2467929916313698,3
1166,-0.6756790792716486,0.013391980566290977,-1
1167,-0.6756790792716486,0.013391980566290977,-1
1168,2.640129982456788,-0.6512006270780252,3
1169,-0.6756790792716486,0.013391980566290977,-1
1170,-0.6756790792716486,0.013391980566290977,-1
1171,-0.6756790792716486,0.013391980566290977,3
1172,2.295720548063244,-0.4951521285063401,3
1173,-0.6756790792716486,0.013391980566290977,-1
1174,-0.6756790792716486,0.013391980566290977,3
1175,-0.6756790792716486,0.013391980566290977,3
1176,-0.6756790792716486,0.013391980566290977,3
1177,-0.6756790792716486,0.013391980566290977,3
1178,2.560961417436141,-0.6670968405402431,3
1179,3.0489189094852613,0.20387571952861225,3
1180,-0.6756790792716486,0.013391980566290977,-1
1181,-0.6756790792716486,0.013391980566290977,3
1182,-0.6756790792716486,0.013391980566290977,-1
1183,-0.6756790792716486,0.013391980566290977,-1
1184,-0.6756790792716486,0.013391980566290977,-1
1185,-0.6756790792716486,0.013391980566290977,-1
1186,-0.6756790792716486,0.013391980566290977,-1
1187,-0.6756790792716486,0.013391980566290977,-1
1188,2.560961417436141,-0.6670968405402431,3
1189,-0.6756790792716486,0.013391980566290977,3
1190,3.536876401534384,1.074848279597467,3
1191,-0.6756790792716486,0.013391980566290977,-1
1192,-0.6756790792716486,0.013391980566290977,3
1193,-0.6756790792716486,0.013391980566290977,-1
1194,-0.6756790792716486,0.013391980566290977,3
1195,-0.6756790792716486,0.013391980566290977,3
1196,2.640129982456788,-0.6512006270780252,3
1197,-0.6756790792716486,0.013391980566290977,-1
1198,-0.6756790792716486,0.013391980566290977,-1
1199,-0.6756790792716486,0.013391980566290977,-1
1200,2.560961417436141,-0.6670968405402431,3
1201,3.0489189094852613,0.20387571952861225,3
1202,-0.6756790792716486,0.013391980566290977,-1
1203,2.560961417436141,-0.6670968405402431,3
1204,-0.6756790792716486,0.013391980566290977,-1
1205,-0.6756790792716486,0.013391980566290977,-1
1206,-0.6756790792716486,0.013391980566290977,-1
1207,2.560961417436141,-0.6670968405402431,3
1208,2.560961417436141,-0.6670968405402431,3
1209,-0.6756790792716486,0.013391980566290977,-1
1210,-0.6756790792716486,0.013391980566290977,3
1211,2.560961417436141,-0.6670968405402431,3
1212,3.271635532161486,1.2467929916313698,3
1213,-0.6756790792716486,0.013391980566290977,3
1214,-0.6756790792716486,0.013391980566290977,3
1215,-0.6756790792716486,0.013391980566290977,-1
1216,-0.6756790792716486,0.013391980566290977,-1
1217,-0.6756790792716486,0.013391980566290977,-1
1218,-0.6756790792716486,0.013391980566290977,3
1219,-0.6756790792716486,0.013391980566290977,-1
1220,-0.6756790792716486,0.013391980566290977,-1
1221,2.560961417436141,-0.6670968405402431,3
1222,-0.6756790792716486,0.013391980566290977,-1
1223,-0.6756790792716486,0.013391980566290977,-1
1224,-0.6756790792716486,0.013391980566290977,-1
1225,-0.6756790792716486,0.013391980566290977,-1
1226,-0.6756790792716486,0.013391980566290977,3
1227,-0.6756790792716486,0.013391980566290977,-1
1228,-0.6756790792716486,0.013391980566290977,-1
1229,2.560961417436141,-0.6670968405402431,3
1230,-0.18772158722252774,0.8843645406351462,-1
1231,-0.6756790792716486,0.013391980566290977,-1
1232,-0.6756790792716486,0.013391980566290977,-1
1233,-0.6756790792716486,0.013391980566290977,3
1234,-0.6756790792716486,0.013391980566290977,3
1235,-0.6756790792716486,0.013391980566290977,-1
1236,-0.6756790792716486,0.013391980566290977,3
1237,-0.6756790792716486,0.013391980566290977,3
1238,2.560961417436141,-0.6670968405402431,3
1239,-0.6756790792716486,0.013391980566290977,-1
1240,-0.6756790792716486,0.013391980566290977,3
1241,-0.6756790792716486,0.013391980566290977,3
1242,-0.6756790792716486,0.013391980566290977,-1
1243,3.536876401534384,1.074848279597467,3
1244,0.7202671158515641,0.4521402906862098,2
1245,-0.6756790792716486,0.013391980566290977,-1
1246,-0.6756790792716486,0.013391980566290977,3
1247,-0.6756790792716486,0.013391980566290977,3
1248,3.536876401534384,1.074848279597467,3
1249,-0.6756790792716486,0.013391980566290977,3
1250,2.560961417436141,-0.6670968405402431,3
1251,-0.6756790792716486,0.013391980566290977,-1
1252,-0.6756790792716486,0.013391980566290977,-1
1253,2.640129982456788,-0.6512006270780252,3
1254,-0.6756790792716486,0.013391980566290977,-1
1255,-0.6756790792716486,0.013391980566290977,-1
1256,2.640129982456788,-0.6512006270780252,3
1257,-0.6756790792716486,0.013391980566290977,-1
1258,-0.6756790792716486,0.013391980566290977,3
1259,-0.6756790792716486,0.013391980566290977,3
1260,-0.6756790792716486,0.013391980566290977,3
1261,-0.6756790792716486,0.013391980566290977,-1
1262,-0.6756790792716486,0.013391980566290977,-1
1263,-0.6756790792716486,0.013391980566290977,3
1264,-0.6756790792716486,0.013391980566290977,3
1265,-0.6756790792716486,0.013391980566290977,3
1266,2.560961417436141,-0.6670968405402431,3
1267,-0.6756790792716486,0.013391980566290977,-1
1268,2.560961417436141,-0.6670968405402431,3
1269,-0.6756790792716486,0.013391980566290977,-1
1270,-0.6756790792716486,0.013391980566290977,-1
1271,-0.6756790792716486,0.013391980566290977,-1
1272,-0.6756790792716486,0.013391980566290977,-1
1273,-0.6756790792716486,0.013391980566290977,-1
1274,-0.6756790792716486,0.013391980566290977,3
1275,-0.6756790792716486,0.013391980566290977,3
1276,3.0489189094852613,0.20387571952861225,3
1277,2.560961417436141,-0.6670968405402431,3
1278,2.560961417436141,-0.6670968405402431,3
1279,-0.6756790792716486,0.013391980566290977,-1
1280,-0.6756790792716486,0.013391980566290977,-1
1281,-0.6756790792716486,0.013391980566290977,-1
1282,-0.6756790792716486,0.013391980566290977,3
1283,-0.6756790792716486,0.013391980566290977,3
1284,-0.6756790792716486,0.013391980566290977,-1
1285,-0.6756790792716486,0.013391980566290977,-1
1286,-0.6756790792716486,0.013391980566290977,-1
1287,2.640129982456788,-0.6512006270780252,3
1288,-0.6756790792716486,0.013391980566290977,3
1289,-0.6756790792716486,0.013391980566290977,-1
1290,2.560961417436141,-0.6670968405402431,3
1291,3.536876401534384,1.074848279597467,3
1292,-0.6756790792716486,0.013391980566290977,3
1293,-0.6756790792716486,0.013391980566290977,3
1294,3.0489189094852613,0.20387571952861225,3
1295,-0.6756790792716486,0.013391980566290977,-1
1296,-0.6756790792716486,0.013391980566290977,-1
1297,-0.6756790792716486,0.013391980566290977,-1
1298,0.9845018922662736,0.2684771523496322,3
1299,-0.6756790792716486,0.013391980566290977,-1
1300,-0.6756790792716486,0.013391980566290977,3
1301,-0.6756790792716486,0.013391980566290977,3
1302,-0.6756790792716486,0.013391980566290977,-1
1303,-0.6756790792716486,0.013391980566290977,3
1304,-0.6756790792716486,0.013391980566290977,3
1305,-0.6756790792716486,0.013391980566290977,-1
1306,-0.6756790792716486,0.013391980566290977,-1
1307,-0.6756790792716486,0.013391980566290977,-1
1308,-0.6756790792716486,0.013391980566290977,-1
1309,3.128087474505908,0.21977193299082975,3
1310,-0.6756790792716486,0.013391980566290977,3
1311,2.640129982456788,-0.6512006270780252,3
1312,-0.6756790792716486,0.013391980566290977,-1
1313,-0.6756790792716486,0.013391980566290977,-1
1314,-0.6756790792716486,0.013391980566290977,-1
1315,-0.6756790792716486,0.013391980566290977,3
1316,-0.6756790792716486,0.013391980566290977,3
1317,-0.6756790792716486,0.013391980566290977,-1
1318,-0.6756790792716486,0.013391980566290977,3
1319,-0.6756790792716486,0.013391980566290977,-1
1320,-0.6756790792716486,0.013391980566290977,3
1321,-0.6756790792716486,0.013391980566290977,3
1322,-0.6756790792716486,0.013391980566290977,-1
1323,-0.6756790792716486,0.013391980566290977,-1
1324,-0.6756790792716486,0.013391980566290977,3
1325,-0.6756790792716486,0.013391980566290977,-1
1326,2.560961417436141,-0.6670968405402431,3
1327,-0.6756790792716486,0.013391980566290977,3
1328,-0.6756790792716486,0.013391980566290977,-1
1329,2.560961417436141,-0.6670968405402431,3
1330,-0.6756790792716486,0.013391980566290977,-1
1331,2.560961417436141,-0.6670968405402431,3
1332,-0.6756790792716486,0.013391980566290977,3
1333,3.536876401534384,1.074848279597467,3
1334,-0.6756790792716486,0.013391980566290977,-1
1335,-0.6756790792716486,0.013391980566290977,-1
1336,-0.6756790792716486,0.013391980566290977,-1
1337,-0.6756790792716486,0.013391980566290977,-1
1338,-0.6756790792716486,0.013391980566290977,3
1339,-0.6756790792716486,0.013391980566290977,3
1340,-0.6756790792716486,0.013391980566290977,3
1341,3.536876401534384,1.074848279597467,3
1342,-0.6756790792716486,0.013391980566290977,-1
1343,2.560961417436141,-0.6670968405402431,3
1344,3.0489189094852613,0.20387571952861225,3
1345,-0.6756790792716486,0.013391980566290977,3
1346,-0.6756790792716486,0.013391980566290977,-1
1347,-0.6756790792716486,0.013391980566290977,-1
1348,-0.6756790792716486,0.013391980566290977,3
1349,2.560961417436141,-0.6670968405402431,3
1350,-0.6756790792716486,0.013391980566290977,-1
1351,-0.6756790792716486,0.013391980566290977,-1
1352,-0.6756790792716486,0.013391980566290977,-1
1353,-0.6756790792716486,0.013391980566290977,3
1354,-0.6756790792716486,0.013391980566290977,-1
1355,3.0489189094852613,0.20387571952861225,3
1356,-0.6756790792716486,0.013391980566290977,-1
1357,-0.6756790792716486,0.013391980566290977,3
1358,2.560961417436141,-0.6670968405402431,3
1359,-0.6756790792716486,0.013391980566290977,-1
1360,-0.6756790792716486,0.013391980566290977,-1
1361,-0.6756790792716486,0.013391980566290977,3
1362,-0.6756790792716486,0.013391980566290977,3
1363,-0.6756790792716486,0.013391980566290977,-1
1364,-0.6756790792716486,0.013391980566290977,-1
1365,-0.6756790792716486,0.013391980566290977,3
1366,-0.6756790792716486,0.013391980566290977,-1
1367,-0.6756790792716486,0.013391980566290977,-1
1368,-0.6756790792716486,0.013391980566290977,3
1369,2.560961417436141,-0.6670968405402431,3
1370,3.536876401534384,1.074848279597467,3
1371,-0.6756790792716486,0.013391980566290977,-1
1372,-0.6756790792716486,0.013391980566290977,3
1373,-0.6756790792716486,0.013391980566290977,-1
1374,-0.6756790792716486,0.013391980566290977,-1
1375,2.560961417436141,-0.6670968405402431,3
1376,3.128087474505908,0.21977193299082975,3
1377,-0.6756790792716486,0.013391980566290977,-1
1378,-0.6756790792716486,0.013391980566290977,3
1379,2.560961417436141,-0.6670968405402431,3
1380,-0.6756790792716486,0.013391980566290977,3
1381,-0.6756790792716486,0.013391980566290977,3
1382,-0.6756790792716486,0.013391980566290977,3
1383,-0.6756790792716486,0.013391980566290977,3
1384,-0.6756790792716486,0.013391980566290977,-1
1385,-0.6756790792716486,0.013391980566290977,2
1386,-0.6756790792716486,0.013391980566290977,-1
1387,-0.6756790792716486,0.013391980566290977,-1
1388,-0.6756790792716486,0.013391980566290977,3
1389,-0.6756790792716486,0.013391980566290977,3
1390,-0.6756790792716486,0.013391980566290977,-1
1391,3.536876401534384,1.074848279597467,3
1392,-0.6756790792716486,0.013391980566290977,3
1393,2.640129982456788,-0.6512006270780252,3
1394,-0.6756790792716486,0.013391980566290977,-1
1395,-0.6756790792716486,0.013391980566290977,-1
1396,3.128087474505908,0.21977193299082975,3
1397,2.783678040112364,0.3758204315625153,3
1398,-0.6756790792716486,0.013391980566290977,-1
1399,-0.6756790792716486,0.013391980566290977,-1
1400,2.560961417436141,-0.6670968405402431,3
1401,-0.6756790792716486,0.013391980566290977,-1
1402,-0.6756790792716486,0.013391980566290977,-1
1403,-0.6756790792716486,0.013391980566290977,3
1404,-0.6756790792716486,0.013391980566290977,-1
1405,3.3508040971821327,1.2626892050935883,3
1406,-0.6756790792716486,0.013391980566290977,3
1407,-0.6756790792716486,0.013391980566290977,-1
1408,-0.6756790792716486,0.013391980566290977,-1
1409,-0.6756790792716486,0.013391980566290977,-1
1410,-0.6756790792716486,0.013391980566290977,3
1411,-0.6756790792716486,0.013391980566290977,-1
1412,-0.6756790792716486,0.013391980566290977,-1
1413,-0.6756790792716486,0.013391980566290977,3
1414,3.0489189094852613,0.20387571952861225,3
1415,-0.6756790792716486,0.013391980566290977,-1
1416,-0.6756790792716486,0.013391980566290977,-1
1417,-0.6756790792716486,0.013391980566290977,-1
1418,-0.6756790792716486,0.013391980566290977,3
1419,-0.6756790792716486,0.013391980566290977,3
1420,3.6160449665550303,1.0907444930596852,3
1421,-0.6756790792716486,0.013391980566290977,-1
1422,-0.6756790792716486,0.013391980566290977,-1
1423,-0.6756790792716486,0.013391980566290977,-1
1424,-0.6756790792716486,0.013391980566290977,-1
1425,-0.6756790792716486,0.013391980566290977,-1
1426,-0.6756790792716486,0.013391980566290977,-1
1427,2.560961417436141,-0.6670968405402431,3
1428,-0.6756790792716486,0.013391980566290977,-1
1429,-0.6756790792716486,0.013391980566290977,3
1430,-0.6756790792716486,0.013391980566290977,-1
1431,-0.6756790792716486,0.013391980566290977,3
1432,-0.6756790792716486,0.013391980566290977,3
1433,3.6160449665550303,1.0907444930596852,3
1434,-0.6756790792716486,0.013391980566290977,-1
1435,-0.6756790792716486,0.013391980566290977,-1
1436,-0.6756790792716486,0.013391980566290977,3
1437,-0.6756790792716486,0.013391980566290977,-1
1438,-0.6756790792716486,0.013391980566290977,-1
1439,-0.6756790792716486,0.013391980566290977,-1
1440,-0.6756790792716486,0.013391980566290977,3
1441,-0.6756790792716486,0.013391980566290977,3
1442,-0.6756790792716486,0.013391980566290977,3
1443,-0.6756790792716486,0.013391980566290977,-1
1444,-0.6756790792716486,0.013391980566290977,-1
1445,-0.6756790792716486,0.013391980566290977,-1
1446,-0.6756790792716486,0.013391980566290977,-1
1447,-0.6756790792716486,0.013391980566290977,2
1448,-0.6756790792716486,0.013391980566290977,-1
1449,-0.6756790792716486,0.013391980566290977,-1
1450,-0.6756790792716486,0.013391980566290977,-1
1451,2.560961417436141,-0.6670968405402431,3
1452,-0.6756790792716486,0.013391980566290977,-1
1453,-0.6756790792716486,0.013391980566290977,-1
1454,-0.6756790792716486,0.013391980566290977,-1
1455,-0.6756790792716486,0.013391980566290977,3
1456,-0.6756790792716486,0.013391980566290977,3
1457,-0.6756790792716486,0.013391980566290977,-1
1458,-0.6756790792716486,0.013391980566290977,3
1459,-0.6756790792716486,0.013391980566290977,-1
1460,2.640129982456788,-0.6512006270780252,3
1461,-0.6756790792716486,0.013391980566290977,-1
1462,-0.6756790792716486,0.013391980566290977,-1
1463,-0.6756790792716486,0.013391980566290977,-1
1464,-0.6756790792716486,0.013391980566290977,-1
1465,-0.6756790792716486,0.013391980566290977,3
1466,-0.6756790792716486,0.013391980566290977,-1
1467,-0.6756790792716486,0.013391980566290977,3
1468,-0.6756790792716486,0.013391980566290977,-1
1469,-0.6756790792716486,0.013391980566290977,-1
1470,2.560961417436141,-0.6670968405402431,3
1471,-0.6756790792716486,0.013391980566290977,3
1472,-0.6756790792716486,0.013391980566290977,-1
1473,-0.6756790792716486,0.013391980566290977,-1
1474,-0.6756790792716486,0.013391980566290977,-1
1475,-0.6756790792716486,0.013391980566290977,-1
1476,-0.6756790792716486,0.013391980566290977,-1
1477,-0.6756790792716486,0.013391980566290977,3
1478,-0.6756790792716486,0.013391980566290977,-1
1479,-0.6756790792716486,0.013391980566290977,-1
1480,-0.6756790792716486,0.013391980566290977,3
1481,-0.6756790792716486,0.013391980566290977,-1
1482,-0.6756790792716486,0.013391980566290977,-1
1483,-0.6756790792716486,0.013391980566290977,3
1484,-0.6756790792716486,0.013391980566290977,-1
1485,-0.6756790792716486,0.013391980566290977,3
1486,-0.6756790792716486,0.013391980566290977,3
1487,-0.6756790792716486,0.013391980566290977,3
1488,-0.6756790792716486,0.013391980566290977,-1
1489,-0.6756790792716486,0.013391980566290977,-1
1490,3.536876401534384,1.074848279597467,3
1491,3.0489189094852613,0.20387571952861225,3
1492,-0.6756790792716486,0.013391980566290977,-1
1493,-0.6756790792716486,0.013391980566290977,3
1494,-0.6756790792716486,0.013391980566290977,-1
1495,-0.6756790792716486,0.013391980566290977,2
1496,-0.6756790792716486,0.013391980566290977,-1
1497,-0.6756790792716486,0.013391980566290977,3
1498,-0.6756790792716486,0.013391980566290977,-1
1499,-0.6756790792716486,0.013391980566290977,-1
1500,-0.6756790792716486,0.013391980566290977,-1
1501,-0.6756790792716486,0.013391980566290977,3
1502,2.560961417436141,-0.6670968405402431,3
1503,-0.6756790792716486,0.013391980566290977,3
1504,-0.6756790792716486,0.013391980566290977,-1
1505,-0.6756790792716486,0.013391980566290977,-1
1506,-0.6756790792716486,0.013391980566290977,3
1507,-0.6756790792716486,0.013391980566290977,3
1508,-0.6756790792716486,0.013391980566290977,3
1509,3.0489189094852613,0.20387571952861225,3
1510,-0.6756790792716486,0.013391980566290977,-1
1511,-0.6756790792716486,0.013391980566290977,3
1512,-0.6756790792716486,0.013391980566290977,3
1513,2.560961417436141,-0.6670968405402431,3
1514,-0.6756790792716486,0.013391980566290977,-1
1515,-0.6756790792716486,0.013391980566290977,3
1516,-0.6756790792716486,0.013391980566290977,-1
1517,-0.18772158722252774,0.8843645406351462,-1
1518,-0.6756790792716486,0.013391980566290977,3
1519,-0.6756790792716486,0.013391980566290977,-1
1520,-0.6756790792716486,0.013391980566290977,3
1521,-0.6756790792716486,0.013391980566290977,-1
1522,-0.6756790792716486,0.013391980566290977,-1
1523,-0.6756790792716486,0.013391980566290977,3
1524,-0.6756790792716486,0.013391980566290977,-1
1525,-0.6756790792716486,0.013391980566290977,-1
1526,-0.6756790792716486,0.013391980566290977,-1
1527,-0.6756790792716486,0.013391980566290977,-1
1528,-0.6756790792716486,0.013391980566290977,-1
1529,-0.6756790792716486,0.013391980566290977,-1
1530,-0.6756790792716486,0.013391980566290977,-1
1531,-0.6756790792716486,0.013391980566290977,-1
1532,-0.6756790792716486,0.013391980566290977,-1
1533,-0.6756790792716486,0.013391980566290977,-1
1534,-0.6756790792716486,0.013391980566290977,-1
1535,-0.6756790792716486,0.013391980566290977,-1
1536,-0.6756790792716486,0.013391980566290977,3
1537,-0.6756790792716486,0.013391980566290977,-1
1538,3.536876401534384,1.074848279597467,3
1539,-0.6756790792716486,0.013391980566290977,-1
1540,-0.6756790792716486,0.013391980566290977,3
1541,1.8812483113438687,1.9945260590251253,3
1542,-0.6756790792716486,0.013391980566290977,-1
1543,-0.6756790792716486,0.013391980566290977,-1
1544,-0.6756790792716486,0.013391980566290977,3
1545,-0.6756790792716486,0.013391980566290977,3
1546,-0.6756790792716486,0.013391980566290977,3
1547,-0.6756790792716486,0.013391980566290977,-1
1548,2.560961417436141,-0.6670968405402431,3
1549,-0.6756790792716486,0.013391980566290977,3
1550,-0.6756790792716486,0.013391980566290977,-1
1551,2.560961417436141,-0.6670968405402431,3
1552,-0.6756790792716486,0.013391980566290977,-1
1553,-0.6756790792716486,0.013391980566290977,-1
1554,-0.6756790792716486,0.013391980566290977,-1
1555,-0.6756790792716486,0.013391980566290977,-1
1556,-0.6756790792716486,0.013391980566290977,3
1557,-0.6756790792716486,0.013391980566290977,-1
1558,-0.6756790792716486,0.013391980566290977,-1
1559,2.560961417436141,-0.6670968405402431,3
1560,-0.6756790792716486,0.013391980566290977,3
1561,-0.6756790792716486,0.013391980566290977,3
1562,-0.6756790792716486,0.013391980566290977,-1
1563,-0.6756790792716486,0.013391980566290977,-1
1564,-0.6756790792716486,0.013391980566290977,-1
1565,2.560961417436141,-0.6670968405402431,3
1566,-0.6756790792716486,0.013391980566290977,3
1567,-0.6756790792716486,0.013391980566290977,3
1568,-0.6756790792716486,0.013391980566290977,-1
1569,-0.6756790792716486,0.013391980566290977,-1
1570,-0.6756790792716486,0.013391980566290977,-1
1571,-0.6756790792716486,0.013391980566290977,-1
1572,-0.6756790792716486,0.013391980566290977,-1
1573,-0.6756790792716486,0.013391980566290977,3
1574,-0.6756790792716486,0.013391980566290977,-1
1575,-0.6756790792716486,0.013391980566290977,-1
1576,-0.6756790792716486,0.013391980566290977,-1
1577,-0.6756790792716486,0.013391980566290977,-1
1578,-0.6756790792716486,0.013391980566290977,-1
1579,-0.6756790792716486,0.013391980566290977,3
1580,-0.6756790792716486,0.013391980566290977,-1
1581,3.0489189094852613,0.20387571952861225,3
1582,0.6410985508309175,0.4362440772239919,2
1583,-0.6756790792716486,0.013391980566290977,-1
1584,-0.6756790792716486,0.013391980566290977,-1
1585,-0.6756790792716486,0.013391980566290977,3
1586,2.640129982456788,-0.6512006270780252,3
1587,-0.6756790792716486,0.013391980566290977,-1
1588,-0.6756790792716486,0.013391980566290977,-1
1589,-0.6756790792716486,0.013391980566290977,-1
1590,-0.6756790792716486,0.013391980566290977,3
1591,3.0489189094852613,0.20387571952861225,3
1592,-0.6756790792716486,0.013391980566290977,-1
1593,-0.6756790792716486,0.013391980566290977,3
1594,-0.6756790792716486,0.013391980566290977,-1
1595,-0.6756790792716486,0.013391980566290977,3
1596,-0.6756790792716486,0.013391980566290977,-1
1597,-0.6756790792716486,0.013391980566290977,3
1598,-0.6756790792716486,0.013391980566290977,3
1599,-0.6756790792716486,0.013391980566290977,3
1600,3.536876401534384,1.074848279597467,3
1601,-0.6756790792716486,0.013391980566290977,-1
1602,3.536876401534384,1.074848279597467,3
1603,-0.6756790792716486,0.013391980566290977,-1
1604,-0.6756790792716486,0.013391980566290977,-1
1605,-0.6756790792716486,0.013391980566290977,3
1606,3.3508040971821327,1.2626892050935883,3
1607,-0.6756790792716486,0.013391980566290977,-1
1608,-0.6756790792716486,0.013391980566290977,3
1609,2.640129982456788,-0.6512006270780252,3
1610,-0.6756790792716486,0.013391980566290977,-1
1611,-0.6756790792716486,0.013391980566290977,3
1612,-0.6756790792716486,0.013391980566290977,-1
1613,-0.6756790792716486,0.013391980566290977,-1
1614,-0.6756790792716486,0.013391980566290977,-1
1615,2.560961417436141,-0.6670968405402431,3
1616,-0.6756790792716486,0.013391980566290977,-1
1617,2.640129982456788,-0.6512006270780252,3
1618,-0.6756790792716486,0.013391980566290977,3
1619,-0.6756790792716486,0.013391980566290977,-1
1620,-0.6756790792716486,0.013391980566290977,-1
1621,-0.6756790792716486,0.013391980566290977,3
1622,3.536876401534384,1.074848279597467,3
1623,-0.6756790792716486,0.013391980566290977,3
1624,-0.6756790792716486,0.013391980566290977,-1
1625,-0.6756790792716486,0.013391980566290977,-1
1626,-0.6756790792716486,0.013391980566290977,3
1627,-0.6756790792716486,0.013391980566290977,3
1628,-0.6756790792716486,0.013391980566290977,3
1629,3.0489189094852613,0.20387571952861225,3
1630,2.640129982456788,-0.6512006270780252,3
1631,-0.6756790792716486,0.013391980566290977,-1
1632,-0.6756790792716486,0.013391980566290977,3
1633,-0.6756790792716486,0.013391980566290977,-1
1634,-0.6756790792716486,0.013391980566290977,-1
1635,-0.6756790792716486,0.013391980566290977,3
1636,-0.6756790792716486,0.013391980566290977,3
1637,-0.6756790792716486,0.013391980566290977,-1
1638,-0.6756790792716486,0.013391980566290977,3
1639,-0.6756790792716486,0.013391980566290977,-1
1640,-0.6756790792716486,0.013391980566290977,-1
1641,2.560961417436141,-0.6670968405402431,3
1642,2.560961417436141,-0.6670968405402431,3
1643,-0.6756790792716486,0.013391980566290977,-1
1644,-0.6756790792716486,0.013391980566290977,-1
1645,-0.6756790792716486,0.013391980566290977,-1
1646,-0.6756790792716486,0.013391980566290977,-1
1647,-0.6756790792716486,0.013391980566290977,3
1648,-0.6756790792716486,0.013391980566290977,3
1649,-0.6756790792716486,0.013391980566290977,-1
1650,-0.6756790792716486,0.013391980566290977,-1
1651,2.560961417436141,-0.6670968405402431,3
1652,-0.6756790792716486,0.013391980566290977,-1
1653,3.6160449665550303,1.0907444930596852,3
1654,-0.6756790792716486,0.013391980566290977,3
1655,2.560961417436141,-0.6670968405402431,3
1656,-0.6756790792716486,0.013391980566290977,-1
1657,-0.6756790792716486,0.013391980566290977,-1
1658,-0.6756790792716486,0.013391980566290977,-1
1659,-0.6756790792716486,0.013391980566290977,3
1660,-0.6756790792716486,0.013391980566290977,-1
1661,2.640129982456788,-0.6512006270780252,3
1662,2.640129982456788,-0.6512006270780252,3
1663,-0.6756790792716486,0.013391980566290977,-1
1664,3.536876401534384,1.074848279597467,3
1665,2.560961417436141,-0.6670968405402431,3
1666,-0.6756790792716486,0.013391980566290977,-1
1667,-0.6756790792716486,0.013391980566290977,-1
1668,-0.6756790792716486,0.013391980566290977,-1
1669,2.295720548063244,-0.4951521285063401,3
1670,-0.6756790792716486,0.013391980566290977,-1
1671,-0.6756790792716486,0.013391980566290977,-1
1672,-0.6756790792716486,0.013391980566290977,-1
1673,3.0489189094852613,0.20387571952861225,3
1674,-0.6756790792716486,0.013391980566290977,-1
1675,3.0489189094852613,0.20387571952861225,3
1676,-0.6756790792716486,0.013391980566290977,3
1677,-0.6756790792716486,0.013391980566290977,-1
1678,-0.6756790792716486,0.013391980566290977,-1
1679,-0.6756790792716486,0.013391980566290977,-1
1680,-0.6756790792716486,0.013391980566290977,3
1681,-0.6756790792716486,0.013391980566290977,2
1682,-0.6756790792716486,0.013391980566290977,-1
1683,3.0489189094852613,0.20387571952861225,3
1684,-0.6756790792716486,0.013391980566290977,-1
1685,-0.6756790792716486,0.013391980566290977,-1
1686,-0.6756790792716486,0.013391980566290977,-1
1687,-0.6756790792716486,0.013391980566290977,-1
1688,3.6160449665550303,1.0907444930596852,3
1689,-0.6756790792716486,0.013391980566290977,3
1690,-0.6756790792716486,0.013391980566290977,-1
1691,2.560961417436141,-0.6670968405402431,3
1692,-0.6756790792716486,0.013391980566290977,-1
1693,-0.6756790792716486,0.013391980566290977,3
1694,-0.6756790792716486,0.013391980566290977,-1
1695,-0.6756790792716486,0.013391980566290977,-1
1696,-0.6756790792716486,0.013391980566290977,-1
1697,-0.6756790792716486,0.013391980566290977,3
1698,-0.6756790792716486,0.013391980566290977,3
1699,-0.6756790792716486,0.013391980566290977,3
1700,-0.6756790792716486,0.013391980566290977,-1
1701,-0.6756790792716486,0.013391980566290977,-1
1702,-0.6756790792716486,0.013391980566290977,-1
1703,-0.6756790792716486,0.013391980566290977,-1
1704,-0.6756790792716486,0.013391980566290977,-1
1705,-0.6756790792716486,0.013391980566290977,-1
1706,-0.6756790792716486,0.013391980566290977,-1
1707,-0.6756790792716486,0.013391980566290977,3
1708,3.536876401534384,1.074848279597467,3
1709,2.560961417436141,-0.6670968405402431,3
1710,-0.6756790792716486,0.013391980566290977,-1
1711,-0.6756790792716486,0.013391980566290977,-1
1712,2.560961417436141,-0.6670968405402431,3
1713,2.560961417436141,-0.6670968405402431,3
1714,-0.6756790792716486,0.013391980566290977,3
1715,-0.6756790792716486,0.013391980566290977,-1
1716,-0.6756790792716486,0.013391980566290977,3
1717,2.560961417436141,-0.6670968405402431,3
1718,-0.6756790792716486,0.013391980566290977,-1
1719,-0.6756790792716486,0.013391980566290977,-1
1720,-0.6756790792716486,0.013391980566290977,-1
1721,-0.6756790792716486,0.013391980566290977,-1
1722,-0.6756790792716486,0.013391980566290977,3
1723,-0.6756790792716486,0.013391980566290977,-1
1724,-0.6756790792716486,0.013391980566290977,3
1725,3.6160449665550303,1.0907444930596852,3
1726,-0.6756790792716486,0.013391980566290977,3
1727,-0.6756790792716486,0.013391980566290977,3
1728,-0.6756790792716486,0.013391980566290977,-1
1729,-0.6756790792716486,0.013391980566290977,3
1730,-0.6756790792716486,0.013391980566290977,3
1731,3.6160449665550303,1.0907444930596852,3
1732,-0.6756790792716486,0.013391980566290977,3
1733,-0.6756790792716486,0.013391980566290977,-1
1734,-0.6756790792716486,0.013391980566290977,-1
1735,2.560961417436141,-0.6670968405402431,3
1736,-0.6756790792716486,0.013391980566290977,-1
1737,-0.6756790792716486,0.013391980566290977,-1
1738,-0.6756790792716486,0.013391980566290977,-1
1739,-0.6756790792716486,0.013391980566290977,-1
1740,3.0489189094852613,0.20387571952861225,3
1741,-0.6756790792716486,0.013391980566290977,-1
1742,-0.6756790792716486,0.013391980566290977,-1
1743,-0.6756790792716486,0.013391980566290977,-1
1744,2.560961417436141,-0.6670968405402431,3
1745,-0.6756790792716486,0.013391980566290977,3
1746,2.640129982456788,-0.6512006270780252,3
1747,2.640129982456788,-0.6512006270780252,3
1748,-0.6756790792716486,0.013391980566290977,-1
1749,-0.6756790792716486,0.013391980566290977,-1
1750,3.536876401534384,1.074848279597467,3
1751,-0.6756790792716486,0.013391980566290977,-1
1752,-0.6756790792716486,0.013391980566290977,3
1753,-0.6756790792716486,0.013391980566290977,-1
1754,-0.6756790792716486,0.013391980566290977,3
1755,-0.6756790792716486,0.013391980566290977,-1
1756,-0.6756790792716486,0.013391980566290977,3
1757,2.640129982456788,-0.6512006270780252,3
1758,-0.6756790792716486,0.013391980566290977,-1
1759,-0.6756790792716486,0.013391980566290977,3
1760,3.536876401534384,1.074848279597467,3
1761,3.536876401534384,1.074848279597467,3
1762,-0.6756790792716486,0.013391980566290977,3
1763,-0.6756790792716486,0.013391980566290977,-1
1764,2.560961417436141,-0.6670968405402431,3
1765,2.560961417436141,-0.6670968405402431,3
1766,-0.6756790792716486,0.013391980566290977,-1
1767,-0.6756790792716486,0.013391980566290977,-1
1768,-0.6756790792716486,0.013391980566290977,-1
1769,-0.6756790792716486,0.013391980566290977,-1
1770,2.560961417436141,-0.6670968405402431,3
1771,3.271635532161486,1.2467929916313698,3
1772,-0.6756790792716486,0.013391980566290977,3
1773,-0.6756790792716486,0.013391980566290977,-1
1774,-0.6756790792716486,0.013391980566290977,-1
1775,-0.6756790792716486,0.013391980566290977,-1
1776,3.128087474505908,0.21977193299082975,3
1777,3.536876401534384,1.074848279597467,3
1778,-0.6756790792716486,0.013391980566290977,-1
1779,-0.6756790792716486,0.013391980566290977,-1
1780,-0.6756790792716486,0.013391980566290977,3
1781,-0.6756790792716486,0.013391980566290977,-1
1782,-0.6756790792716486,0.013391980566290977,3
1783,-0.6756790792716486,0.013391980566290977,3
1784,-0.6756790792716486,0.013391980566290977,-1
1785,-0.6756790792716486,0.013391980566290977,-1
1786,-0.6756790792716486,0.013391980566290977,-1
1787,-0.6756790792716486,0.013391980566290977,3
1788,-0.6756790792716486,0.013391980566290977,-1
1789,2.560961417436141,-0.6670968405402431,3
1790,-0.6756790792716486,0.013391980566290977,2
1791,3.0489189094852613,0.20387571952861225,3
1792,-0.6756790792716486,0.013391980566290977,3
1793,-0.6756790792716486,0.013391980566290977,-1
1794,-0.6756790792716486,0.013391980566290977,3
1795,-0.6756790792716486,0.013391980566290977,-1
1796,-0.6756790792716486,0.013391980566290977,-1
1797,-0.6756790792716486,0.013391980566290977,-1
1798,2.560961417436141,-0.6670968405402431,3
1799,2.560961417436141,-0.6670968405402431,3
1800,-0.6756790792716486,0.013391980566290977,-1
1801,-0.6756790792716486,0.013391980566290977,-1
1802,2.560961417436141,-0.6670968405402431,3
1803,-0.6756790792716486,0.013391980566290977,3
1804,3.536876401534384,1.074848279597467,3
1805,-0.6756790792716486,0.013391980566290977,-1
1806,-0.6756790792716486,0.013391980566290977,-1
1807,-0.6756790792716486,0.013391980566290977,-1
1808,-0.6756790792716486,0.013391980566290977,-1
1809,-0.6756790792716486,0.013391980566290977,-1
1810,-0.6756790792716486,0.013391980566290977,3
1811,-0.6756790792716486,0.013391980566290977,-1
1812,-0.6756790792716486,0.013391980566290977,-1
1813,-0.6756790792716486,0.013391980566290977,-1
1814,-0.6756790792716486,0.013391980566290977,3
1815,2.560961417436141,-0.6670968405402431,3
1816,-0.6756790792716486,0.013391980566290977,-1
1817,-0.6756790792716486,0.013391980566290977,-1
1818,-0.6756790792716486,0.013391980566290977,-1
1819,-0.6756790792716486,0.013391980566290977,3
1820,-0.6756790792716486,0.013391980566290977,-1
1821,-0.6756790792716486,0.013391980566290977,3
1822,-0.6756790792716486,0.013391980566290977,-1
1823,-0.6756790792716486,0.013391980566290977,-1
1824,-0.6756790792716486,0.013391980566290977,-1
1825,2.560961417436141,-0.6670968405402431,3
1826,-0.6756790792716486,0.013391980566290977,3
1827,-0.6756790792716486,0.013391980566290977,-1
1828,2.560961417436141,-0.6670968405402431,3
1829,-0.6756790792716486,0.013391980566290977,-1
1830,-0.6756790792716486,0.013391980566290977,-1
1831,-0.6756790792716486,0.013391980566290977,-1
1832,-0.6756790792716486,0.013391980566290977,-1
1833,-0.6756790792716486,0.013391980566290977,-1
1834,2.560961417436141,-0.6670968405402431,3
1835,-0.6756790792716486,0.013391980566290977,-1
1836,2.560961417436141,-0.6670968405402431,3
1837,-0.6756790792716486,0.013391980566290977,-1
1838,-0.6756790792716486,0.013391980566290977,-1
1839,-0.6756790792716486,0.013391980566290977,3
1840,-0.6756790792716486,0.013391980566290977,-1
1841,-0.6756790792716486,0.013391980566290977,-1
1842,2.560961417436141,-0.6670968405402431,3
1843,-0.6756790792716486,0.013391980566290977,3
1844,-0.6756790792716486,0.013391980566290977,3
1845,-0.6756790792716486,0.013391980566290977,-1
1846,-0.6756790792716486,0.013391980566290977,3
1847,-0.6756790792716486,0.013391980566290977,3
1848,2.560961417436141,-0.6670968405402431,3
1849,-0.6756790792716486,0.013391980566290977,-1
1850,-0.6756790792716486,0.013391980566290977,3
1851,-0.6756790792716486,0.013391980566290977,3
1852,3.128087474505908,0.21977193299082975,3
1853,-0.6756790792716486,0.013391980566290977,3
1854,2.560961417436141,-0.6670968405402431,3
1855,-0.6756790792716486,0.013391980566290977,3
1856,-0.6756790792716486,0.013391980566290977,-1
1857,-0.6756790792716486,0.013391980566290977,3
1858,-0.6756790792716486,0.013391980566290977,-1
1859,-0.6756790792716486,0.013391980566290977,-1
1860,-0.6756790792716486,0.013391980566290977,3
1861,-0.6756790792716486,0.013391980566290977,3
1862,-0.6756790792716486,0.013391980566290977,-1
1863,-0.6756790792716486,0.013391980566290977,3
1864,-0.6756790792716486,0.013391980566290977,-1
1865,-0.6756790792716486,0.013391980566290977,3
1866,-0.6756790792716486,0.013391980566290977,3
1867,2.640129982456788,-0.6512006270780252,3
1868,-0.6756790792716486,0.013391980566290977,-1
1869,-0.6756790792716486,0.013391980566290977,-1
1870,-0.6756790792716486,0.013391980566290977,-1
1871,-0.6756790792716486,0.013391980566290977,3
1872,-0.6756790792716486,0.013391980566290977,-1
1873,-0.6756790792716486,0.013391980566290977,-1
1874,-0.6756790792716486,0.013391980566290977,-1
1875,-0.6756790792716486,0.013391980566290977,-1
1876,-0.6756790792716486,0.013391980566290977,-1
1877,-0.6756790792716486,0.013391980566290977,-1
1878,-0.6756790792716486,0.013391980566290977,-1
1879,-0.6756790792716486,0.013391980566290977,3
1880,-0.6756790792716486,0.013391980566290977,-1
1881,3.271635532161486,1.2467929916313698,3
1882,2.560961417436141,-0.6670968405402431,3
1883,2.560961417436141,-0.6670968405402431,3
1884,-0.6756790792716486,0.013391980566290977,-1
1885,-0.6756790792716486,0.013391980566290977,-1
1886,-0.6756790792716486,0.013391980566290977,3
1887,-0.6756790792716486,0.013391980566290977,-1
1888,-0.6756790792716486,0.013391980566290977,3
1889,2.640129982456788,-0.6512006270780252,3
1890,-0.6756790792716486,0.013391980566290977,-1
1891,2.560961417436141,-0.6670968405402431,3
1892,-0.6756790792716486,0.013391980566290977,3
1893,-0.6756790792716486,0.013391980566290977,-1
1894,-0.6756790792716486,0.013391980566290977,3
1895,-0.6756790792716486,0.013391980566290977,3
1896,-0.6756790792716486,0.013391980566290977,3
1897,2.560961417436141,-0.6670968405402431,3
1898,-0.6756790792716486,0.013391980566290977,3
1899,-0.6756790792716486,0.013391980566290977,3
1900,-0.6756790792716486,0.013391980566290977,3
1901,-0.6756790792716486,0.013391980566290977,3
1902,-0.6756790792716486,0.013391980566290977,-1
1903,-0.6756790792716486,0.013391980566290977,3
1904,-0.6756790792716486,0.013391980566290977,3
1905,-0.6756790792716486,0.013391980566290977,3
1906,2.560961417436141,-0.6670968405402431,3
1907,-0.6756790792716486,0.013391980566290977,3
1908,-0.6756790792716486,0.013391980566290977,-1
1909,-0.6756790792716486,0.013391980566290977,3
1910,-0.6756790792716486,0.013391980566290977,-1
1911,-0.6756790792716486,0.013391980566290977,-1
1912,2.640129982456788,-0.6512006270780252,3
1913,-0.6756790792716486,0.013391980566290977,-1
1914,-0.6756790792716486,0.013391980566290977,-1
1915,-0.6756790792716486,0.013391980566290977,-1
1916,0.15213496582360855,-0.44644690914753776,-1
1917,-0.6756790792716486,0.013391980566290977,-1
1918,2.560961417436141,-0.6670968405402431,3
1919,-0.6756790792716486,0.013391980566290977,-1
1920,3.6160449665550303,1.0907444930596852,3
1921,-0.6756790792716486,0.013391980566290977,-1
1922,-0.6756790792716486,0.013391980566290977,-1
1923,-0.6756790792716486,0.013391980566290977,-1
1924,3.536876401534384,1.074848279597467,3
1925,-0.6756790792716486,0.013391980566290977,-1
1926,-0.6756790792716486,0.013391980566290977,-1
1927,2.560961417436141,-0.6670968405402431,3
1928,2.295720548063244,-0.4951521285063401,3
1929,3.536876401534384,1.074848279597467,3
1930,-0.6756790792716486,0.013391980566290977,-1
1931,-0.6756790792716486,0.013391980566290977,-1
1932,-0.6756790792716486,0.013391980566290977,3
1933,-0.6756790792716486,0.013391980566290977,-1
1934,-0.6756790792716486,0.013391980566290977,3
1935,-0.6756790792716486,0.013391980566290977,-1
1936,-0.6756790792716486,0.013391980566290977,3
1937,-0.6756790792716486,0.013391980566290977,3
1938,-0.6756790792716486,0.013391980566290977,-1
1939,-0.6756790792716486,0.013391980566290977,-1
1940,2.560961417436141,-0.6670968405402431,3
1941,-0.6756790792716486,0.013391980566290977,3
1942,-0.6756790792716486,0.013391980566290977,-1
1943,-0.6756790792716486,0.013391980566290977,-1
1944,2.560961417436141,-0.6670968405402431,3
1945,3.128087474505908,0.21977193299082975,3
1946,-0.6756790792716486,0.013391980566290977,3
1947,-0.6756790792716486,0.013391980566290977,-1
1948,2.560961417436141,-0.6670968405402431,3
1949,2.640129982456788,-0.6512006270780252,3
1950,-0.6756790792716486,0.013391980566290977,-1
1951,-0.6756790792716486,0.013391980566290977,3
1952,-0.6756790792716486,0.013391980566290977,-1
1953,-0.6756790792716486,0.013391980566290977,-1
1954,-0.6756790792716486,0.013391980566290977,3
1955,-0.6756790792716486,0.013391980566290977,-1
1956,-0.6756790792716486,0.013391980566290977,-1
1957,-0.6756790792716486,0.013391980566290977,-1
1958,-0.6756790792716486,0.013391980566290977,-1
1959,-0.6756790792716486,0.013391980566290977,-1
1960,-0.6756790792716486,0.013391980566290977,-1
1961,-0.6756790792716486,0.013391980566290977,-1
1962,-0.6756790792716486,0.013391980566290977,3
1963,-0.6756790792716486,0.013391980566290977,3
1964,-0.6756790792716486,0.013391980566290977,-1
1965,-0.6756790792716486,0.013391980566290977,-1
1966,-0.6756790792716486,0.013391980566290977,-1
1967,-0.6756790792716486,0.013391980566290977,-1
1968,-0.6756790792716486,0.013391980566290977,-1
1969,-0.6756790792716486,0.013391980566290977,3
1970,-0.6756790792716486,0.013391980566290977,3
1971,-0.6756790792716486,0.013391980566290977,3
1972,-0.6756790792716486,0.013391980566290977,3
1973,-0.6756790792716486,0.013391980566290977,3
1974,-0.6756790792716486,0.013391980566290977,3
1975,-0.6756790792716486,0.013391980566290977,3
1976,-0.6756790792716486,0.013391980566290977,3
1977,0.6421046437891055,0.44796250352666644,1
1978,-0.6756790792716486,0.013391980566290977,-1
1979,-0.6756790792716486,0.013391980566290977,-1
1980,-0.6756790792716486,0.013391980566290977,-1
1981,-0.6756790792716486,0.013391980566290977,-1
1982,-0.6756790792716486,0.013391980566290977,3
1983,-0.6756790792716486,0.013391980566290977,-1
1984,3.0489189094852613,0.20387571952861225,3
1985,-0.6756790792716486,0.013391980566290977,-1
1986,-0.6756790792716486,0.013391980566290977,3
1987,-0.6756790792716486,0.013391980566290977,-1
1988,-0.6756790792716486,0.013391980566290977,3
1989,-0.6756790792716486,0.013391980566290977,-1
1990,-0.6756790792716486,0.013391980566290977,-1
1991,-0.6756790792716486,0.013391980566290977,-1
1992,-0.6756790792716486,0.013391980566290977,3
1993,-0.6756790792716486,0.013391980566290977,-1
1994,-0.6756790792716486,0.013391980566290977,-1
1995,-0.6756790792716486,0.013391980566290977,-1
1996,-0.6756790792716486,0.013391980566290977,-1
1997,-0.6756790792716486,0.013391980566290977,-1
1998,-0.6756790792716486,0.013391980566290977,3
1999,-0.6756790792716486,0.013391980566290977,3
